PMID,Title,Authors,Citation,First Author,Journal/Book,Publication Year,Create Date,PMCID,NIHMS ID,DOI
"28160419","Adams-Oliver syndrome review of the literature: Refining the diagnostic phenotype","Hassed S, Li S, Mulvihill J, Aston C, Palmer S.","Am J Med Genet A. 2017 Mar;173(3):790-800. doi: 10.1002/ajmg.a.37889. Epub 2017 Feb 4.","Hassed S","Am J Med Genet A","2017","2017/02/05","","","10.1002/ajmg.a.37889"
"37266096","Adams-Oliver Syndrome - A Case Report","Srihari S, Asha GS.","Indian Dermatol Online J. 2022 Dec 14;14(3):422-423. doi: 10.4103/idoj.idoj_330_22. eCollection 2023 May-Jun.","Srihari S","Indian Dermatol Online J","2022","2023/06/02","PMC10231716","","10.4103/idoj.idoj_330_22"
"24320818","Adams-Oliver syndrome","Kutlubay Z, Pehlivan Ö.","Int J Dermatol. 2014 Mar;53(3):352-4. doi: 10.1111/j.1365-4632.2012.05533.x. Epub 2013 Dec 10.","Kutlubay Z","Int J Dermatol","2014","2013/12/11","","","10.1111/j.1365-4632.2012.05533.x"
"35919556","Adams-Oliver Syndrome: Vestigial Tail and Genetics Update","Zhu VZ, Hansen-Kiss E, Hecht JT, Payne PE.","Arch Plast Surg. 2022 Jul 30;49(4):517-522. doi: 10.1055/s-0042-1751107. eCollection 2022 Jul.","Zhu VZ","Arch Plast Surg","2022","2022/08/03","PMC9340189","","10.1055/s-0042-1751107"
"1951437","Adams-Oliver syndrome revisited","Whitley CB, Gorlin RJ.","Am J Med Genet. 1991 Sep 1;40(3):319-26. doi: 10.1002/ajmg.1320400315.","Whitley CB","Am J Med Genet","1991","1991/09/01","","","10.1002/ajmg.1320400315"
"29948730","Adams-Oliver Syndrome: Limited Expression","Kasinathan A, Sharawat IK, Das G, Sankhyan N.","Indian J Pediatr. 2019 Jan;86(1):101-102. doi: 10.1007/s12098-018-2720-2. Epub 2018 Jun 9.","Kasinathan A","Indian J Pediatr","2019","2018/06/28","","","10.1007/s12098-018-2720-2"
"27077170","Adams-Oliver Syndrome – RETIRED CHAPTER, FOR HISTORICAL REFERENCE ONLY","Lehman A, Wuyts W, Patel MS.","2016 Apr 14. In: Adam MP, Feldman J, Mirzaa GM, Pagon RA, Wallace SE, Amemiya A, editors. GeneReviews(®) [Internet]. Seattle (WA): University of Washington, Seattle; 1993–2025.","Lehman A","GeneReviews(®)","1993","2016/04/14","","",""
"35449659","Adams-Oliver Syndrome: A Rare Congenital Disorder","Rashid S, Azeem S, Riaz S.","Cureus. 2022 Mar 18;14(3):e23297. doi: 10.7759/cureus.23297. eCollection 2022 Mar.","Rashid S","Cureus","2022","2022/04/22","PMC9012592","","10.7759/cureus.23297"
"24906278","Adams-Oliver syndrome","Iftikhar N, Ahmad Ghumman FI, Janjua SA, Ejaz A, Butt UA.","J Coll Physicians Surg Pak. 2014 May;24 Suppl 2:S76-7.","Iftikhar N","J Coll Physicians Surg Pak","2014","2014/06/08","","",""
"26244971","Adams Oliver Syndrome","Madan A, Sardana K, Garg VK.","Indian Pediatr. 2015 Jul;52(7):633-4.","Madan A","Indian Pediatr","2015","2015/08/06","","",""
"38550729","Adams-Oliver syndrome: About a case","Itongwa JM, Colombe MM, Bukuru H, Deogratias N, Matabaro CI, Opondjo FM, Bianga VF, Alice N.","Clin Case Rep. 2024 Mar 26;12(4):e8685. doi: 10.1002/ccr3.8685. eCollection 2024 Apr.","Itongwa JM","Clin Case Rep","2024","2024/03/29","PMC10965449","","10.1002/ccr3.8685"
"36511670","Adams-Oliver syndrome and associated complications: Report of a family in Colombia and review of the literature","Morales OL, Díaz JM, Montoya JH.","Biomedica. 2022 Dec 1;42(4):554-561. doi: 10.7705/biomedica.6524.","Morales OL","Biomedica","2022","2022/12/13","PMC9773924","","10.7705/biomedica.6524"
"38866321","Adams-Oliver syndrome associated with refractory glaucoma","Pillai MR, Pabolu C, R R, Chaudhary S, Sr K, Puthuran GV.","J AAPOS. 2024 Aug;28(4):103950. doi: 10.1016/j.jaapos.2024.103950. Epub 2024 Jun 10.","Pillai MR","J AAPOS","2024","2024/06/12","","","10.1016/j.jaapos.2024.103950"
"33858352","Case report and review of literature of a rare congenital disorder: Adams-Oliver syndrome","Suarez E, Bertoli MJ, Eloy JD, Shah SP.","BMC Anesthesiol. 2021 Apr 15;21(1):117. doi: 10.1186/s12871-021-01339-0.","Suarez E","BMC Anesthesiol","2021","2021/04/16","PMC8048247","","10.1186/s12871-021-01339-0"
"36017054","Atypical Adams-Oliver syndrome with typical ocular signs of familial exudative vitreoretinopathy","Jin EZ, Huang LZ, Zhao MW, Yin H.","Int J Ophthalmol. 2022 Aug 18;15(8):1249-1253. doi: 10.18240/ijo.2022.08.04. eCollection 2022.","Jin EZ","Int J Ophthalmol","2022","2022/08/26","PMC9358197","","10.18240/ijo.2022.08.04"
"31654484","Expanding the phenotype in Adams-Oliver syndrome correlating with the genotype","Dudoignon B, Huber C, Michot C, Di Rocco F, Girard M, Lyonnet S, Rio M, Rabia SH, Daire VC, Baujat G.","Am J Med Genet A. 2020 Jan;182(1):29-37. doi: 10.1002/ajmg.a.61364. Epub 2019 Oct 25.","Dudoignon B","Am J Med Genet A","2020","2019/10/27","","","10.1002/ajmg.a.61364"
"21978514","[Adams-Oliver syndrome]","Bayou F, Boussofara L, Bennani ZL, Ghariani N, Saïdi W, Belajouza C, Denguezli M, Nouira R.","Ann Dermatol Venereol. 2011 Oct;138(10):712-4. doi: 10.1016/j.annder.2011.05.027. Epub 2011 Jul 14.","Bayou F","Ann Dermatol Venereol","2011","2011/10/08","","","10.1016/j.annder.2011.05.027"
"9823488","Adams-Oliver syndrome associated with cardiovascular malformations","Lin AE, Westgate MN, van der Velde ME, Lacro RV, Holmes LB.","Clin Dysmorphol. 1998 Oct;7(4):235-41. doi: 10.1097/00019605-199810000-00001.","Lin AE","Clin Dysmorphol","1998","1998/11/21","","","10.1097/00019605-199810000-00001"
"32420513","Adams Oliver syndrome: A mimicker of familial exudative vitreoretinopathy","Alsulaiman AM, Alsulaiman HM, Almousa A, Alsulaiman SM.","Am J Ophthalmol Case Rep. 2020 Apr 22;19:100715. doi: 10.1016/j.ajoc.2020.100715. eCollection 2020 Sep.","Alsulaiman AM","Am J Ophthalmol Case Rep","2020","2020/05/19","PMC7217917","","10.1016/j.ajoc.2020.100715"
"31368252","Adams-Oliver syndrome caused by mutations of the EOGT gene","Schröder KC, Duman D, Tekin M, Schanze D, Sukalo M, Meester J, Wuyts W, Zenker M.","Am J Med Genet A. 2019 Nov;179(11):2246-2251. doi: 10.1002/ajmg.a.61313. Epub 2019 Jul 31.","Schröder KC","Am J Med Genet A","2019","2019/08/02","","","10.1002/ajmg.a.61313"
"25556654","Adams-Oliver syndrome: a case report","Frantz JA, Lehmkuhl RL, Leitis LH, Uliano VG, Siementcoski GA.","Pediatr Dermatol. 2015 May-Jun;32(3):383-5. doi: 10.1111/pde.12423. Epub 2014 Dec 29.","Frantz JA","Pediatr Dermatol","2015","2015/01/06","","","10.1111/pde.12423"
"32522703","Adams-Oliver syndrome: a case of bilateral progressive ischemic maculopathy","Naravane AV, Belin PJ, Bhambhani V, Quiram PA.","J AAPOS. 2020 Jun;24(3):186-188. doi: 10.1016/j.jaapos.2020.03.007. Epub 2020 Jun 6.","Naravane AV","J AAPOS","2020","2020/06/12","","","10.1016/j.jaapos.2020.03.007"
"29028653","Adams-Oliver Syndrome With Moyamoya Disease for Cerebral Revascularisation Surgery","Hrishi AP, Lionel KR, Praveen R, Sethuraman M.","J Neurosurg Anesthesiol. 2019 Jan;31(1):82-84. doi: 10.1097/ANA.0000000000000467.","Hrishi AP","J Neurosurg Anesthesiol","2019","2017/10/14","","","10.1097/ANA.0000000000000467"
"35083055","Adams-Oliver syndrome, intestinal obstruction and heart defects: a case series of aplasia cutis congenita","Baroudi I, Alakhras O, Douri T, Alkhani N.","Oxf Med Case Reports. 2022 Jan 24;2022(1):omab141. doi: 10.1093/omcr/omab141. eCollection 2022 Jan.","Baroudi I","Oxf Med Case Reports","2022","2022/01/27","PMC8787629","","10.1093/omcr/omab141"
"25885069","Cardiovascular malformations in Adams-Oliver syndrome","Digilio MC, Marino B, Baban A, Dallapiccola B.","Am J Med Genet A. 2015 May;167A(5):1175-7. doi: 10.1002/ajmg.a.36764.","Digilio MC","Am J Med Genet A","2015","2015/04/18","","","10.1002/ajmg.a.36764"
"30638685","[Adams-Oliver syndrome and cutis marmorata telangiectatica congenita]","Kojmane W, Hmami F, Atmani S.","Ann Dermatol Venereol. 2019 Mar;146(3):223-225. doi: 10.1016/j.annder.2018.11.009. Epub 2019 Jan 9.","Kojmane W","Ann Dermatol Venereol","2019","2019/01/15","","","10.1016/j.annder.2018.11.009"
"9385961","Adams-Oliver syndrome: genetics and associated anomalies of cutis aplasia","Pousti TJ, Bartlett RA.","Plast Reconstr Surg. 1997 Nov;100(6):1491-6. doi: 10.1097/00006534-199711000-00018.","Pousti TJ","Plast Reconstr Surg","1997","1997/12/31","","","10.1097/00006534-199711000-00018"
"9047997","[Adams-Oliver syndrome]","Ishikiriyama S.","Ryoikibetsu Shokogun Shirizu. 1996;(15):234-5.","Ishikiriyama S","Ryoikibetsu Shokogun Shirizu","1996","1996/01/01","","",""
"23613382","Expanding the phenotype of cardiovascular malformations in Adams-Oliver syndrome","Algaze C, Esplin ED, Lowenthal A, Hudgins L, Tacy TA, Selamet Tierney ES.","Am J Med Genet A. 2013 Jun;161A(6):1386-9. doi: 10.1002/ajmg.a.35864. Epub 2013 Apr 23.","Algaze C","Am J Med Genet A","2013","2013/04/25","","","10.1002/ajmg.a.35864"
"24697559","Adams-Oliver syndrome in a newborn infant","Zakanj Z, Bedek D, Kotrulja L, Ozanic Bulic S.","Int J Dermatol. 2016 Feb;55(2):215-7. doi: 10.1111/ijd.12469. Epub 2014 Apr 2.","Zakanj Z","Int J Dermatol","2016","2014/04/05","","","10.1111/ijd.12469"
"29680918","Adams Oliver syndrome with cerebellar cortical dysplasia","Tan AP, Mankad K.","Childs Nerv Syst. 2018 Jun;34(6):1109-1110. doi: 10.1007/s00381-018-3810-1. Epub 2018 Apr 22.","Tan AP","Childs Nerv Syst","2018","2018/04/23","","","10.1007/s00381-018-3810-1"
"7606848","Congenital cardiac malformations in Adams-Oliver syndrome","Zapata HH, Sletten LJ, Pierpont ME.","Clin Genet. 1995 Feb;47(2):80-4. doi: 10.1111/j.1399-0004.1995.tb03928.x.","Zapata HH","Clin Genet","1995","1995/02/01","","","10.1111/j.1399-0004.1995.tb03928.x"
"21626769","[Adams-Oliver syndrome: case report]","Kuburović V, Vukomanović V, Kosutić J, Rakić S, Gazikalović S.","Srp Arh Celok Lek. 2011 Mar-Apr;139(3-4):221-4. doi: 10.2298/sarh1104221k.","Kuburović V","Srp Arh Celok Lek","2011","2011/06/02","","","10.2298/sarh1104221k"
"27433307","Adams-Oliver Syndrome: A Case with Full Expression","Dehdashtian A, Dehdashtian M.","Pediatr Rep. 2016 Jun 27;8(2):6517. doi: 10.4081/pr.2016.6517. eCollection 2016 Jun 15.","Dehdashtian A","Pediatr Rep","2016","2016/07/20","PMC4933813","","10.4081/pr.2016.6517"
"33323896","PROLIFERATIVE RETINOPATHY IN A 13-YEAR-OLD WITH ADAMS-OLIVER SYNDROME","Meyer BI, Williams PJ, Hanif AM, Lenhart PD, Hubbard GB 3rd, Jain N.","Retin Cases Brief Rep. 2022 Nov 1;16(6):762-765. doi: 10.1097/ICB.0000000000001073.","Meyer BI","Retin Cases Brief Rep","2022","2020/12/16","","","10.1097/ICB.0000000000001073"
"18203152","Adams-Oliver syndrome in siblings with central nervous system findings, epilepsy, and developmental delay: refining the features of a severe autosomal recessive variant","McGoey RR, Lacassie Y.","Am J Med Genet A. 2008 Feb 15;146A(4):488-91. doi: 10.1002/ajmg.a.32163.","McGoey RR","Am J Med Genet A","2008","2008/01/19","","","10.1002/ajmg.a.32163"
"29387678","A Case of Adams-Oliver Syndrome","Saeidi M, Ehsanipoor F.","Adv Biomed Res. 2017 Dec 28;6:167. doi: 10.4103/2277-9175.221861. eCollection 2017.","Saeidi M","Adv Biomed Res","2017","2018/02/02","PMC5767801","","10.4103/2277-9175.221861"
"35414337","Severe Adams-Oliver Syndrome after Maternal COVID-19 Infection Could Be Another Effect of the SARS-CoV-2 Inflammatory Storm? Case Report","Okido MM, Ragazini CS, Duarte G, Coutinho CM, Marcolin AC.","Fetal Pediatr Pathol. 2023 Feb;42(1):131-136. doi: 10.1080/15513815.2022.2064018. Epub 2022 Apr 12.","Okido MM","Fetal Pediatr Pathol","2023","2022/04/13","","","10.1080/15513815.2022.2064018"
"25132448","Mutations in NOTCH1 cause Adams-Oliver syndrome","Stittrich AB, Lehman A, Bodian DL, Ashworth J, Zong Z, Li H, Lam P, Khromykh A, Iyer RK, Vockley JG, Baveja R, Silva ES, Dixon J, Leon EL, Solomon BD, Glusman G, Niederhuber JE, Roach JC, Patel MS.","Am J Hum Genet. 2014 Sep 4;95(3):275-84. doi: 10.1016/j.ajhg.2014.07.011. Epub 2014 Aug 14.","Stittrich AB","Am J Hum Genet","2014","2014/08/19","PMC4157158","","10.1016/j.ajhg.2014.07.011"
"19126012","Adams Oliver syndrome--a variant","Anandan V, Parveen B, Prabhavathy D, Priyavarthini V.","Int J Dermatol. 2008 Dec;47(12):1260-2. doi: 10.1111/j.1365-4632.2008.03884.x.","Anandan V","Int J Dermatol","2008","2009/01/08","","","10.1111/j.1365-4632.2008.03884.x"
"22631568","Adams-Oliver syndrome and familial MYH9 mutation","Uyeda T, Echizenya T, Eto S, Ohtani K, Sato T, Takahashi T, Ito E, Yonesaka S, Kunishima S.","Pediatr Int. 2012 Jun;54(3):407-9. doi: 10.1111/j.1442-200X.2011.03466.x.","Uyeda T","Pediatr Int","2012","2012/05/29","","","10.1111/j.1442-200X.2011.03466.x"
"37133614","A novel pathogenic variation of DOCK6 gene: the genotype-phenotype correlation in Adams-Oliver syndrome","Nieto-Benito LM, Suárez-Fernández R, Campos-Domínguez M.","Mol Biol Rep. 2023 Jun;50(6):5519-5521. doi: 10.1007/s11033-023-08430-4. Epub 2023 May 3.","Nieto-Benito LM","Mol Biol Rep","2023","2023/05/03","","","10.1007/s11033-023-08430-4"
"1822137","Congenital scalp defects: Adams-Oliver syndrome. A case report and review of the literature","Arand AG, Ball WS, Crone KR.","Pediatr Neurosurg. 1991-1992;17(4):203-7. doi: 10.1159/000120598.","Arand AG","Pediatr Neurosurg","1991","1991/01/01","","","10.1159/000120598"
"27888223","Adams-Oliver syndrome associated with gastrointestinal malformations","van Geyzel L, Gribbon C, Bradley S, Duffy D.","BMJ Case Rep. 2016 Nov 25;2016:bcr2016217959. doi: 10.1136/bcr-2016-217959.","van Geyzel L","BMJ Case Rep","2016","2016/11/27","PMC5174833","","10.1136/bcr-2016-217959"
"36330903","Intrafamilial phenotypic variability in autosomal recessive DOCK6-related Adams-Oliver syndrome","Zepeda-Romero LC, Zenker M, Schanze D, Schanze I, Peña-Padilla C, Quezada-Salazar CA, Pacheco-Torres PA, Rivera-Montellano ML, Aguirre-Guillén RL, Bobadilla-Morales L, Corona-Rivera A, Corona-Rivera JR.","Eur J Med Genet. 2022 Dec;65(12):104653. doi: 10.1016/j.ejmg.2022.104653. Epub 2022 Oct 28.","Zepeda-Romero LC","Eur J Med Genet","2022","2022/11/04","","","10.1016/j.ejmg.2022.104653"
"28884918","Adams-Oliver Syndrome Type 2 in Association with Compound Heterozygous DOCK6 Mutations","Jones KM, Silfvast-Kaiser A, Leake DR, Diaz LZ, Levy ML.","Pediatr Dermatol. 2017 Sep;34(5):e249-e253. doi: 10.1111/pde.13239.","Jones KM","Pediatr Dermatol","2017","2017/09/09","","","10.1111/pde.13239"
"34755929","A novel DLL4 mutation in Adams-Oliver syndrome with absence of the right pulmonary artery in newborn","Rojnueangnit K, Phawan T, Khetkham T, Techasatid W, Sirichongkolthong B.","Am J Med Genet A. 2022 Feb;188(2):658-664. doi: 10.1002/ajmg.a.62562. Epub 2021 Nov 10.","Rojnueangnit K","Am J Med Genet A","2022","2021/11/10","","","10.1002/ajmg.a.62562"
"26419402","DLL4 loss-of-function heterozygous mutations cause Adams-Oliver syndrome","Aminkeng F.","Clin Genet. 2015 Dec;88(6):532. doi: 10.1111/cge.12681. Epub 2015 Oct 16.","Aminkeng F","Clin Genet","2015","2015/10/01","","","10.1111/cge.12681"
"35951645","A Drosophila Su(H) model of Adams-Oliver Syndrome reveals cofactor titration as a mechanism underlying developmental defects","Gagliani EK, Gutzwiller LM, Kuang Y, Odaka Y, Hoffmeister P, Hauff S, Turkiewicz A, Harding-Theobald E, Dolph PJ, Borggrefe T, Oswald F, Gebelein B, Kovall RA.","PLoS Genet. 2022 Aug 11;18(8):e1010335. doi: 10.1371/journal.pgen.1010335. eCollection 2022 Aug.","Gagliani EK","PLoS Genet","2022","2022/08/11","PMC9398005","","10.1371/journal.pgen.1010335"
"28706620","Adams-Oliver Syndrome with Unusual Central Nervous System Findings and an Extrahepatic Portosystemic Shunt","Pérez-García C, Martín YR, Del Hoyo AA, Rodríguez CM, Domínguez MC.","Pediatr Rep. 2017 Jun 26;9(2):7211. doi: 10.4081/pr.2017.7211. eCollection 2017 Jun 26.","Pérez-García C","Pediatr Rep","2017","2017/07/15","PMC5494440","","10.4081/pr.2017.7211"
"10983704","An autopsy case of Adams-Oliver syndrome","Jun SY, Khang SK, Park SH.","J Korean Med Sci. 2000 Aug;15(4):482-4. doi: 10.3346/jkms.2000.15.4.482.","Jun SY","J Korean Med Sci","2000","2000/09/13","PMC3054653","","10.3346/jkms.2000.15.4.482"
"29924900","Elucidating the genetic architecture of Adams-Oliver syndrome in a large European cohort","Meester JAN, Sukalo M, Schröder KC, Schanze D, Baynam G, Borck G, Bramswig NC, Duman D, Gilbert-Dussardier B, Holder-Espinasse M, Itin P, Johnson DS, Joss S, Koillinen H, McKenzie F, Morton J, Nelle H, Reardon W, Roll C, Salih MA, Savarirayan R, Scurr I, Splitt M, Thompson E, Titheradge H, Travers CP, Van Maldergem L, Whiteford M, Wieczorek D, Vandeweyer G, Trembath R, Van Laer L, Loeys BL, Zenker M, Southgate L, Wuyts W.","Hum Mutat. 2018 Sep;39(9):1246-1261. doi: 10.1002/humu.23567. Epub 2018 Jul 4.","Meester JAN","Hum Mutat","2018","2018/06/21","PMC6175364","","10.1002/humu.23567"
"15948197","Association of Adams-Oliver syndrome with pulmonary arterio-venous malformation in the same family: a further support to the vascular hypothesis","Maniscalco M, Zedda A, Faraone S, de Laurentiis G, Verde R, Molese V, Lapiccirella G, Sofia M.","Am J Med Genet A. 2005 Jul 30;136(3):269-74. doi: 10.1002/ajmg.a.30828.","Maniscalco M","Am J Med Genet A","2005","2005/06/11","","","10.1002/ajmg.a.30828"
"17551326","Adams-Oliver syndrome: further evidence of an autosomal recessive variant","Temtamy SA, Aglan MS, Ashour AM, Zaki MS.","Clin Dysmorphol. 2007 Jul;16(3):141-149. doi: 10.1097/MCD.0b013e3280f9df22.","Temtamy SA","Clin Dysmorphol","2007","2007/06/07","","","10.1097/MCD.0b013e3280f9df22"
"20728324","[Adams-Oliver syndrome: a case with minimal expression]","Messerer M, Diabira S, Belliard H, Hamlat A.","Arch Pediatr. 2010 Oct;17(10):1460-4. doi: 10.1016/j.arcped.2010.07.009. Epub 2010 Aug 21.","Messerer M","Arch Pediatr","2010","2010/08/24","","","10.1016/j.arcped.2010.07.009"
"24372423","Adams-Oliver syndrome: new evidence in variable expressivity?","Girish M, Mujawar N, Anekar U, Bhattad S.","Int J Dermatol. 2014 Jul;53(7):891-3. doi: 10.1111/j.1365-4632.2012.05700.x. Epub 2013 Dec 30.","Girish M","Int J Dermatol","2014","2013/12/31","","","10.1111/j.1365-4632.2012.05700.x"
"16451141","Adams-Oliver syndrome: clinical description of a four-generation family and exclusion of five candidate genes","Verdyck P, Blaumeiser B, Holder-Espinasse M, Van Hul W, Wuyts W.","Clin Genet. 2006 Jan;69(1):86-92. doi: 10.1111/j.1399-0004.2006.00552.x.","Verdyck P","Clin Genet","2006","2006/02/03","","","10.1111/j.1399-0004.2006.00552.x"
"33899511","Murine Model of Cardiac Defects Observed in Adams-Oliver Syndrome Driven by Delta-Like Ligand-4 Haploinsufficiency","De Zoysa P, Toubat O, Harvey D, Choi J, Kumar SR.","Stem Cells Dev. 2021 Jun 15;30(12):611-621. doi: 10.1089/scd.2021.0058. Epub 2021 May 31.","De Zoysa P","Stem Cells Dev","2021","2021/04/26","PMC8215425","","10.1089/scd.2021.0058"
"38884729","Human Genetics of Ventricular Septal Defect","Perrot A, Rickert-Sperling S.","Adv Exp Med Biol. 2024;1441:505-534. doi: 10.1007/978-3-031-44087-8_27.","Perrot A","Adv Exp Med Biol","2024","2024/06/17","","","10.1007/978-3-031-44087-8_27"
"22514587","Adams-Oliver Syndrome. A case with isolated aplasia cutis congenita and skeletal defects","Bakry O, Attia A, El Shafey EN.","J Dermatol Case Rep. 2012 Mar 27;6(1):25-8. doi: 10.3315/jdcr.2012.1092.","Bakry O","J Dermatol Case Rep","2012","2012/04/20","PMC3322107","","10.3315/jdcr.2012.1092"
"38790165","Characterization of a New Variant in ARHGAP31 Probably Involved in Adams-Oliver Syndrome in a Family with a Variable Phenotypic Spectrum","Santaniello C, Faversani A, Corsaro L, Melloni G, Motta S, Mandorino E, Sacco D, Stioui S, Ferrara F, Barteselli D, De Vita D, Manuelli D, Costantino L.","Genes (Basel). 2024 Apr 24;15(5):536. doi: 10.3390/genes15050536.","Santaniello C","Genes (Basel)","2024","2024/05/25","PMC11120939","","10.3390/genes15050536"
"10354089","The wide spectrum of clinical expression in Adams-Oliver syndrome: a report of two cases","Mempel M, Abeck D, Lange I, Strom K, Caliebe A, Beham A, Kautza M, Worret WI, Neubauer BA, Ring J, Schröder H, Fölster-Holst R.","Br J Dermatol. 1999 Jun;140(6):1157-60. doi: 10.1046/j.1365-2133.1999.02881.x.","Mempel M","Br J Dermatol","1999","1999/06/03","","","10.1046/j.1365-2133.1999.02881.x"
"26299364","Heterozygous Loss-of-Function Mutations in DLL4 Cause Adams-Oliver Syndrome","Meester JA, Southgate L, Stittrich AB, Venselaar H, Beekmans SJ, den Hollander N, Bijlsma EK, Helderman-van den Enden A, Verheij JB, Glusman G, Roach JC, Lehman A, Patel MS, de Vries BB, Ruivenkamp C, Itin P, Prescott K, Clarke S, Trembath R, Zenker M, Sukalo M, Van Laer L, Loeys B, Wuyts W.","Am J Hum Genet. 2015 Sep 3;97(3):475-82. doi: 10.1016/j.ajhg.2015.07.015. Epub 2015 Aug 20.","Meester JA","Am J Hum Genet","2015","2015/08/25","PMC4564989","","10.1016/j.ajhg.2015.07.015"
"33341260","Diseases related to Notch glycosylation","Matsumoto K, Luther KB, Haltiwanger RS.","Mol Aspects Med. 2021 Jun;79:100938. doi: 10.1016/j.mam.2020.100938. Epub 2020 Dec 16.","Matsumoto K","Mol Aspects Med","2021","2020/12/20","","","10.1016/j.mam.2020.100938"
"15372524","A case of Adams-Oliver syndrome with associated brain and pulmonary involvement: further evidence of vascular pathology?","Piazza AJ, Blackston D, Sola A.","Am J Med Genet A. 2004 Oct 1;130A(2):172-5. doi: 10.1002/ajmg.a.30210.","Piazza AJ","Am J Med Genet A","2004","2004/09/17","","","10.1002/ajmg.a.30210"
"27178874","Distal Limb Defects and Aplasia Cutis: Adams-Oliver Syndrome","Renfree KJ, Dell PC.","J Hand Surg Am. 2016 Jul;41(7):e207-10. doi: 10.1016/j.jhsa.2016.04.014. Epub 2016 May 10.","Renfree KJ","J Hand Surg Am","2016","2016/05/15","","","10.1016/j.jhsa.2016.04.014"
"22307742","Adams-Oliver syndrome and portal hypertension: fortuitous association or common mechanism?","Silva G, Braga A, Leitão B, Mesquita A, Reis A, Duarte C, Barbot J, Silva ES.","Am J Med Genet A. 2012 Mar;158A(3):648-51. doi: 10.1002/ajmg.a.34435. Epub 2012 Feb 3.","Silva G","Am J Med Genet A","2012","2012/02/07","","","10.1002/ajmg.a.34435"
"28512196","The developmental biology of genetic Notch disorders","Mašek J, Andersson ER.","Development. 2017 May 15;144(10):1743-1763. doi: 10.1242/dev.148007.","Mašek J","Development","2017","2017/05/18","","","10.1242/dev.148007"
"27402369","Letter regarding ""Distal Limb Defects and Aplasia Cutis: Adams-Oliver Syndrome""","Southgate L.","J Hand Surg Am. 2016 Sep;41(9):e327. doi: 10.1016/j.jhsa.2016.06.001. Epub 2016 Jul 9.","Southgate L","J Hand Surg Am","2016","2016/07/13","","","10.1016/j.jhsa.2016.06.001"
"24515817","Adams-Oliver Syndrome - Follow-up of a Large Scalp Defect","Lorenz L, Sönnichsen K, Müller-Hansen I, Poets C.","Klin Padiatr. 2014 Jul;226(4):250-1. doi: 10.1055/s-0033-1364029. Epub 2014 Feb 10.","Lorenz L","Klin Padiatr","2014","2014/02/12","","","10.1055/s-0033-1364029"
"24505229","Adams Oliver syndrome: Description of a new phenotype with cerebellar abnormalities in a family","D'Amico A, Melis D, D'Arco F, Di Paolo N, Carotenuto B, D'Anna G, Russo C, Boemio P, Brunetti A.","Pol J Radiol. 2013 Oct;78(4):83-7. doi: 10.12659/PJR.889531. Epub 2013 Nov 19.","D'Amico A","Pol J Radiol","2013","2014/02/08","PMC3908514","","10.12659/PJR.889531"
"32498638","A novel variant in DOCK6 gene associated with Adams-Oliver syndrome type 2","Alzahem T, Alsalamah AK, Mura M, Alsulaiman SM.","Ophthalmic Genet. 2020 Aug;41(4):377-380. doi: 10.1080/13816810.2020.1776339. Epub 2020 Jun 5.","Alzahem T","Ophthalmic Genet","2020","2020/06/06","","","10.1080/13816810.2020.1776339"
"3066221","Congenital scalp defects with distal limb anomalies (Adams-Oliver syndrome): report of ten cases and review of the literature","Küster W, Lenz W, Kääriäinen H, Majewski F.","Am J Med Genet. 1988 Sep;31(1):99-115. doi: 10.1002/ajmg.1320310112.","Küster W","Am J Med Genet","1988","1988/09/01","","","10.1002/ajmg.1320310112"
"9788561","Adams-Oliver syndrome: autosomal recessive inheritance and new phenotypic-anthropometric findings","Klinger G, Merlob P.","Am J Med Genet. 1998 Sep 23;79(3):197-9.","Klinger G","Am J Med Genet","1998","1998/10/27","","",""
"23860037","Autosomal recessive Adams-Oliver syndrome caused by homozygous mutation in EOGT, encoding an EGF domain-specific O-GlcNAc transferase","Cohen I, Silberstein E, Perez Y, Landau D, Elbedour K, Langer Y, Kadir R, Volodarsky M, Sivan S, Narkis G, Birk OS.","Eur J Hum Genet. 2014 Mar;22(3):374-8. doi: 10.1038/ejhg.2013.159. Epub 2013 Jul 17.","Cohen I","Eur J Hum Genet","2014","2013/07/18","PMC3925282","","10.1038/ejhg.2013.159"
"20548894","A case of adams-oliver syndrome","Seo JK, Kang JH, Lee HJ, Lee D, Sung HS, Hwang SW.","Ann Dermatol. 2010 Feb;22(1):96-8. doi: 10.5021/ad.2010.22.1.96. Epub 2010 Feb 28.","Seo JK","Ann Dermatol","2010","2010/06/16","PMC2883411","","10.5021/ad.2010.22.1.96"
"30898718","Novel compound heterozygous mutations of the DOCK6 gene in a familial case of Adams-Oliver syndrome 2","Wang Z, Wang X, Guiyu Lou, Litao Qin, Shasha Bian, Tang X, Hongjie Zhu, Shengran Wang, Bingtao Hao, Shixiu Liao.","Gene. 2019 Jun 5;700:65-69. doi: 10.1016/j.gene.2019.03.023. Epub 2019 Mar 19.","Wang Z","Gene","2019","2019/03/23","","","10.1016/j.gene.2019.03.023"
"32211278","Treatment of a Large Skull Defect and Brain Herniation in a Newborn With Adams-Oliver Syndrome","Wehrens KM, De Jongh F, Ter Laak MP, Cornips EM, Van der Hulst R.","Cureus. 2020 Feb 19;12(2):e7047. doi: 10.7759/cureus.7047.","Wehrens KM","Cureus","2020","2020/03/27","PMC7083258","","10.7759/cureus.7047"
"28287327","Mechanism of cell-intrinsic adaptation to Adams-Oliver Syndrome gene DOCK6 disruption highlights ubiquitin-like modifier ISG15 as a regulator of RHO GTPases","Cerikan B, Schiebel E.","Small GTPases. 2019 May;10(3):210-217. doi: 10.1080/21541248.2017.1297882. Epub 2017 Mar 13.","Cerikan B","Small GTPases","2019","2017/03/14","PMC6548285","","10.1080/21541248.2017.1297882"
"25091416","Diffuse angiopathy in Adams-Oliver syndrome associated with truncating DOCK6 mutations","Lehman A, Stittrich AB, Glusman G, Zong Z, Li H, Eydoux P, Senger C, Lyons C, Roach JC, Patel M.","Am J Med Genet A. 2014 Oct;164A(10):2656-62. doi: 10.1002/ajmg.a.36685. Epub 2014 Aug 4.","Lehman A","Am J Med Genet A","2014","2014/08/06","PMC4167472","NIHMS609519","10.1002/ajmg.a.36685"
"15832360","Adams-Oliver syndrome and hepatoportal sclerosis: occasional association or common mechanism?","Girard M, Amiel J, Fabre M, Pariente D, Lyonnet S, Jacquemin E.","Am J Med Genet A. 2005 Jun 1;135(2):186-9. doi: 10.1002/ajmg.a.30724.","Girard M","Am J Med Genet A","2005","2005/04/16","","","10.1002/ajmg.a.30724"
"19416763","Aplasia cutis congenita, terminal limb defects and periventricular leukomalacia in one sibling with minor findings in the other-probable autosomal recessive Adams-Oliver Syndrome","Balasubramanian M, Collins AL.","Eur J Med Genet. 2009 Jul-Aug;52(4):234-8. doi: 10.1016/j.ejmg.2009.04.005. Epub 2009 May 4.","Balasubramanian M","Eur J Med Genet","2009","2009/05/07","","","10.1016/j.ejmg.2009.04.005"
"24862819","Severe phenotype in two half-sibs with Adams Oliver syndrome","Sevilla-Montoya R, Ríos-Flores B, Moreno-Verduzco E, Domínguez-Castro M, Rivera-Pedroza CI, Aguinaga-Ríos DM.","Arch Argent Pediatr. 2014 Jun;112(3):e108-12. doi: 10.5546/aap.2014.eng.e108.","Sevilla-Montoya R","Arch Argent Pediatr","2014","2014/05/28","","","10.5546/aap.2014.eng.e108"
"25963545","Haploinsufficiency of the NOTCH1 Receptor as a Cause of Adams-Oliver Syndrome With Variable Cardiac Anomalies","Southgate L, Sukalo M, Karountzos ASV, Taylor EJ, Collinson CS, Ruddy D, Snape KM, Dallapiccola B, Tolmie JL, Joss S, Brancati F, Digilio MC, Graul-Neumann LM, Salviati L, Coerdt W, Jacquemin E, Wuyts W, Zenker M, Machado RD, Trembath RC.","Circ Cardiovasc Genet. 2015 Aug;8(4):572-581. doi: 10.1161/CIRCGENETICS.115.001086. Epub 2015 May 11.","Southgate L","Circ Cardiovasc Genet","2015","2015/05/13","PMC4545518","EMS63762","10.1161/CIRCGENETICS.115.001086"
"36059114","Cutaneous squamous cell carcinoma in an autosomal-recessive Adams-Oliver syndrome patient with a novel frameshift pathogenic variant in the EOGT gene","Lukas ML, Harald G, Sanz J, Trippel M, Sabina G, Jochen R.","Am J Med Genet A. 2022 Nov;188(11):3318-3323. doi: 10.1002/ajmg.a.62961. Epub 2022 Sep 4.","Lukas ML","Am J Med Genet A","2022","2022/09/05","PMC9826191","","10.1002/ajmg.a.62961"
"30669087","Structure and function of extracellular O-GlcNAc","Ogawa M, Okajima T.","Curr Opin Struct Biol. 2019 Jun;56:72-77. doi: 10.1016/j.sbi.2018.12.002. Epub 2019 Jan 19.","Ogawa M","Curr Opin Struct Biol","2019","2019/01/23","","","10.1016/j.sbi.2018.12.002"
"31261205","A novel DLL4 missense mutation in a Chinese patient with Adams-Oliver syndrome","Yu X, Wang RR, Han SR, Bai X, Habulieti X, Sun Y, Sun LW, Zhang H, Khan A, Zhang X.","Chin Med J (Engl). 2019 Jul 20;132(14):1755-1757. doi: 10.1097/CM9.0000000000000316.","Yu X","Chin Med J (Engl)","2019","2019/07/02","PMC6759108","","10.1097/CM9.0000000000000316"
"36713669","Case report: Recombinant human epidermal growth factor gel plus kangfuxin solution in the treatment of aplasia cutis congenita in a case with Adams-Oliver syndrome","Yang XF, Shi SW, Chen K.","Front Surg. 2023 Jan 11;9:1072021. doi: 10.3389/fsurg.2022.1072021. eCollection 2022.","Yang XF","Front Surg","2023","2023/01/30","PMC9874222","","10.3389/fsurg.2022.1072021"
"21785343","Adams-Oliver syndrome, a family with dominant inheritance and a severe phenotype","Vandersteen AM, Dixon JW.","Clin Dysmorphol. 2011 Oct;20(4):210-213. doi: 10.1097/MCD.0b013e32834964d1.","Vandersteen AM","Clin Dysmorphol","2011","2011/07/26","","","10.1097/MCD.0b013e32834964d1"
"16700839","Adams-Oliver syndrome: a case with complete expression","Sankhyan N, Kaushal RK, Jaswal RS.","J Dermatol. 2006 Jun;33(6):435-6. doi: 10.1111/j.1346-8138.2006.00104.x.","Sankhyan N","J Dermatol","2006","2006/05/17","","","10.1111/j.1346-8138.2006.00104.x"
"9496805","Adams-Oliver syndrome with unusual central nervous system alterations","Romaní J, Puig L, Aznar G, Demestre X, Altirriba O, Alomar A.","Pediatr Dermatol. 1998 Jan-Feb;15(1):48-50. doi: 10.1046/j.1525-1470.1998.1998015048.x.","Romaní J","Pediatr Dermatol","1998","1998/03/13","","","10.1046/j.1525-1470.1998.1998015048.x"
"20406727","Adams Oliver syndrome in association with neurological deficit","Brar BK, Mahajan BB, Puri N.","Eur J Dermatol. 2010 May-Jun;20(3):413-4. doi: 10.1684/ejd.2010.0923. Epub 2010 Apr 21.","Brar BK","Eur J Dermatol","2010","2010/04/22","","","10.1684/ejd.2010.0923"
"2161342","Congenital scalp and skull defects with terminal transverse limb anomalies (Adams-Oliver syndrome): report of three additional cases","Jaeggi E, Kind C, Morger R.","Eur J Pediatr. 1990 May;149(8):565-6. doi: 10.1007/BF01957693.","Jaeggi E","Eur J Pediatr","1990","1990/05/01","","","10.1007/BF01957693"
"11711825","Surgical treatment of aplasia cutis in the Adams-Oliver syndrome","Beekmans SJ, Wiebe MJ.","J Craniofac Surg. 2001 Nov;12(6):569-72. doi: 10.1097/00001665-200111000-00014.","Beekmans SJ","J Craniofac Surg","2001","2001/11/17","","","10.1097/00001665-200111000-00014"
"32129674","Novel In-Frame Deletion Mutation in NOTCH1 in a Chinese Sporadic Case of Adams-Oliver Syndrome","Huang S, Yang L, Zhao L, Xu R, Wu Y.","DNA Cell Biol. 2020 May;39(5):783-789. doi: 10.1089/dna.2019.5200. Epub 2020 Mar 4.","Huang S","DNA Cell Biol","2020","2020/03/05","","","10.1089/dna.2019.5200"
"21641251","Adams-Oliver syndrome associated with bilateral anterior polar cataracts and optic disk drusen","Lascaratos G, Lam WW, Newman WD, MacRae M.","J AAPOS. 2011 Jun;15(3):299-301. doi: 10.1016/j.jaapos.2011.02.012.","Lascaratos G","J AAPOS","2011","2011/06/07","","","10.1016/j.jaapos.2011.02.012"
"25716509","Multiple tics in a patient with Adams-Oliver syndrome","Hassiem F, Cavanna AE.","J Neuropsychiatry Clin Neurosci. 2015 Winter;27(1):e80. doi: 10.1176/appi.neuropsych.13120377.","Hassiem F","J Neuropsychiatry Clin Neurosci","2015","2015/02/27","","","10.1176/appi.neuropsych.13120377"
"24668619","Isolated terminal limb reduction defects: extending the clinical spectrum of Adams-Oliver syndrome and ARHGAP31 mutations","Isrie M, Wuyts W, Van Esch H, Devriendt K.","Am J Med Genet A. 2014 Jun;164A(6):1576-9. doi: 10.1002/ajmg.a.36486. Epub 2014 Mar 25.","Isrie M","Am J Med Genet A","2014","2014/03/27","","","10.1002/ajmg.a.36486"
"23910800","Unique variant of Adams-Oliver syndrome with dilated cardiomyopathy and heart block","Atasoy HI, Tug E, Yavuz T, Cine N.","Pediatr Int. 2013 Aug;55(4):508-12. doi: 10.1111/ped.12011.","Atasoy HI","Pediatr Int","2013","2013/08/06","","","10.1111/ped.12011"
"18304170","Adams-Oliver syndrome: a sporadic occurrence with minimal disease expression","Narang T, Kanwar AJ, Dogra S.","Pediatr Dermatol. 2008 Jan-Feb;25(1):115-6. doi: 10.1111/j.1525-1470.2007.00598.x.","Narang T","Pediatr Dermatol","2008","2008/02/29","","","10.1111/j.1525-1470.2007.00598.x"
"11446419","Adams-Oliver syndrome: further evidence for autosomal recessive inheritance","Unay B, Sarici SU, Gül D, Akin R, Gökçay E.","Clin Dysmorphol. 2001 Jul;10(3):223-5. doi: 10.1097/00019605-200107000-00014.","Unay B","Clin Dysmorphol","2001","2001/07/12","","","10.1097/00019605-200107000-00014"
"8219425","Adams-Oliver syndrome: cutis marmorata teleangiectatica congenita with multiple anomalies","Frank RA, Frosch PJ.","Dermatology. 1993;187(3):205-8. doi: 10.1159/000247244.","Frank RA","Dermatology","1993","1993/01/01","","","10.1159/000247244"
"16586236","Adams-Oliver syndrome associated with cutis marmorata telangiectatica congenita and congenital cataract: a case report","Fayol L, Garcia P, Denis D, Philip N, Simeoni U.","Am J Perinatol. 2006 Apr;23(3):197-200. doi: 10.1055/s-2006-934099. Epub 2006 Mar 29.","Fayol L","Am J Perinatol","2006","2006/04/06","","","10.1055/s-2006-934099"
"25824905","DOCK6 mutations are responsible for a distinct autosomal-recessive variant of Adams-Oliver syndrome associated with brain and eye anomalies","Sukalo M, Tilsen F, Kayserili H, Müller D, Tüysüz B, Ruddy DM, Wakeling E, Ørstavik KH, Snape KM, Trembath R, De Smedt M, van der Aa N, Skalej M, Mundlos S, Wuyts W, Southgate L, Zenker M.","Hum Mutat. 2015 Jun;36(6):593-8. doi: 10.1002/humu.22795. Epub 2015 Apr 21.","Sukalo M","Hum Mutat","2015","2015/04/01","","","10.1002/humu.22795"
"36513140","The role of Notch signaling pathway in metabolic bone diseases","Gao Y, Fu Z, Guan J, Liu X, Zhang Q.","Biochem Pharmacol. 2023 Jan;207:115377. doi: 10.1016/j.bcp.2022.115377. Epub 2022 Dec 10.","Gao Y","Biochem Pharmacol","2023","2022/12/13","","","10.1016/j.bcp.2022.115377"
"17923061","Adams-Oliver syndrome: congenital disease with gait disorder: a case report","Gómez-Martín B, Escamilla-Martínez E, Martínez-Nova A, Sánchez-Rodríguez R.","Foot Ankle Int. 2007 Oct;28(10):1087-9. doi: 10.3113/FAI.2007.1087.","Gómez-Martín B","Foot Ankle Int","2007","2007/10/10","","","10.3113/FAI.2007.1087"
"1887843","Adams-Oliver syndrome associated with congenital heart defect: not a coincidence","David A, Rozé JC, Melon-David V.","Am J Med Genet. 1991 Jul 1;40(1):126-7. doi: 10.1002/ajmg.1320400128.","David A","Am J Med Genet","1991","1991/07/01","","","10.1002/ajmg.1320400128"
"29631299","Epileptic Encephalopathy in Adams-Oliver Syndrome Associated to a New DOCK6 Mutation: A Peculiar Behavioral Phenotype","Pisciotta L, Capra V, Accogli A, Giacomini T, Prato G, Tavares P, Pinto-Basto J, Morana G, Mancardi MM.","Neuropediatrics. 2018 Jun;49(3):217-221. doi: 10.1055/s-0038-1639372. Epub 2018 Apr 9.","Pisciotta L","Neuropediatrics","2018","2018/04/10","","","10.1055/s-0038-1639372"
"23740178","Parental allografts in the management of Adams-Oliver syndrome","Henderson TO, Thomas GP, Wall SA.","Childs Nerv Syst. 2013 Aug;29(8):1223-4. doi: 10.1007/s00381-013-2174-9. Epub 2013 Jun 6.","Henderson TO","Childs Nerv Syst","2013","2013/06/07","","","10.1007/s00381-013-2174-9"
"22893088","Peripheral ischemic retinopathy in Adams-Oliver syndrome","Peralta-Calvo J, Pastora N, Casa-Ventura YG, Hernandez-Serrano R, Abelairas J.","Arch Ophthalmol. 2012 Aug;130(8):1078-80. doi: 10.1001/archophthalmol.2012.531.","Peralta-Calvo J","Arch Ophthalmol","2012","2012/08/16","","","10.1001/archophthalmol.2012.531"
"28598754","Use of an epidermal growth factor-infused foam dressing in a complicated case of Adams-Oliver syndrome","Sezgin B, Sibar S, Findikcioglu K, Sencan A, Emmez H, Baykaner K, Ozmen S.","J Wound Care. 2017 Jun 2;26(6):342-345. doi: 10.12968/jowc.2017.26.6.342.","Sezgin B","J Wound Care","2017","2017/06/10","","","10.12968/jowc.2017.26.6.342"
"18035989","Adams-Oliver syndrome with widespread CMTC and fatal pulmonary vascular disease","Dadzie OE, Tyszczuk L, Holder SE, Teixeira F, Charakida A, Scarisbrick J, Chu A.","Pediatr Dermatol. 2007 Nov-Dec;24(6):651-3. doi: 10.1111/j.1525-1470.2007.00556.x.","Dadzie OE","Pediatr Dermatol","2007","2007/11/27","","","10.1111/j.1525-1470.2007.00556.x"
"12423491","Autosomal recessive type of Adams-Oliver syndrome: prenatal diagnosis","Becker R, Kunze J, Horn D, Gasiorek-Wiens A, Entezami M, Rossi R, Guschmann M, Sarioglu N.","Ultrasound Obstet Gynecol. 2002 Nov;20(5):506-10. doi: 10.1046/j.1469-0705.2002.00839.x.","Becker R","Ultrasound Obstet Gynecol","2002","2002/11/09","","","10.1046/j.1469-0705.2002.00839.x"
"11233683","A case of Adams-Oliver syndrome associated with acrania, microcephaly, hemiplegia, epilepsy, and mental retardation","Caksen H, Kurtoğlu S.","Acta Neurol Belg. 2000 Dec;100(4):252-5.","Caksen H","Acta Neurol Belg","2000","2001/03/10","","",""
"19606482","Adams-Oliver syndrome: Additions to the clinical features and possible role of BMP pathway","Baskar S, Kulkarni ML, Kulkarni AM, Vittalrao S, Kulkarni PM.","Am J Med Genet A. 2009 Aug;149A(8):1678-84. doi: 10.1002/ajmg.a.32938.","Baskar S","Am J Med Genet A","2009","2009/07/17","","","10.1002/ajmg.a.32938"
"12774039","Clinical and molecular analysis of nine families with Adams-Oliver syndrome","Verdyck P, Holder-Espinasse M, Hul WV, Wuyts W.","Eur J Hum Genet. 2003 Jun;11(6):457-63. doi: 10.1038/sj.ejhg.5200980.","Verdyck P","Eur J Hum Genet","2003","2003/05/30","","","10.1038/sj.ejhg.5200980"
"7998895","Adams-Oliver syndrome: aplasia cutis congenita, terminal transverse limb defects and cutis marmorata telangiectatica congenita","Dyall-Smith D, Ramsden A, Laurie S.","Australas J Dermatol. 1994;35(1):19-22. doi: 10.1111/j.1440-0960.1994.tb01794.x.","Dyall-Smith D","Australas J Dermatol","1994","1994/01/01","","","10.1111/j.1440-0960.1994.tb01794.x"
"26457590","DOCK6 Mutations Are Responsible for a Distinct Autosomal-Recessive Variant of Adams-Oliver Syndrome Associated with Brain and Eye Anomalies","Sukalo M, Tilsen F, Kayserili H, Müller D, Tüysüz B, Ruddy DM, Wakeling E, Ørstavik KH, Bramswig NC, Snape KM, Trembath R, De Smedt M, van der Aa N, Skalej M, Mundlos S, Wuyts W, Southgate L, Zenker M.","Hum Mutat. 2015 Nov;36(11):1112. doi: 10.1002/humu.22830. Epub 2015 Aug 7.","Sukalo M","Hum Mutat","2015","2015/10/13","","","10.1002/humu.22830"
"38429208","Encephalocele as a rare complication of conservatively managed cranial aplasia cutis in a boy with Adams-Oliver syndrome","Elrod J, Fattouh M, Hagemann C, Königs I.","Pediatr Neonatol. 2024 May;65(3):312-313. doi: 10.1016/j.pedneo.2023.10.006. Epub 2024 Feb 18.","Elrod J","Pediatr Neonatol","2024","2024/03/01","","","10.1016/j.pedneo.2023.10.006"
"25488668","Impaired O-linked N-acetylglucosaminylation in the endoplasmic reticulum by mutated epidermal growth factor (EGF) domain-specific O-linked N-acetylglucosamine transferase found in Adams-Oliver syndrome","Ogawa M, Sawaguchi S, Kawai T, Nadano D, Matsuda T, Yagi H, Kato K, Furukawa K, Okajima T.","J Biol Chem. 2015 Jan 23;290(4):2137-49. doi: 10.1074/jbc.M114.598821. Epub 2014 Dec 8.","Ogawa M","J Biol Chem","2015","2014/12/10","PMC4303666","","10.1074/jbc.M114.598821"
"28839276","Corrigendum: Novel missense mutation in DLL4 in a Japanese sporadic case of Adams-Oliver syndrome","Nagasaka M, Taniguchi-Ikeda M, Inagaki H, Ouchi Y, Kurokawa D, Yamana K, Harada R, Nozu K, Sakai Y, Mishra SK, Yamaguchi Y, Morioka I, Toda T, Kurahashi H, Iijima K.","J Hum Genet. 2017 Sep;62(9):869. doi: 10.1038/jhg.2017.59.","Nagasaka M","J Hum Genet","2017","2017/08/26","","","10.1038/jhg.2017.59"
"28408480","EOGT and O-GlcNAc on secreted and membrane proteins","Varshney S, Stanley P.","Biochem Soc Trans. 2017 Apr 15;45(2):401-408. doi: 10.1042/BST20160165.","Varshney S","Biochem Soc Trans","2017","2017/04/15","PMC8837192","NIHMS1581475","10.1042/BST20160165"
"26025214","Idiopathic non-cirrhotic portal hypertension: a review","Schouten JN, Verheij J, Seijo S.","Orphanet J Rare Dis. 2015 May 30;10:67. doi: 10.1186/s13023-015-0288-8.","Schouten JN","Orphanet J Rare Dis","2015","2015/05/31","PMC4457997","","10.1186/s13023-015-0288-8"
"9916843","Vascular abnormalities in Adams-Oliver syndrome: cause or effect?","Swartz EN, Sanatani S, Sandor GG, Schreiber RA.","Am J Med Genet. 1999 Jan 1;82(1):49-52. doi: 10.1002/(sici)1096-8628(19990101)82:1<49::aid-ajmg10>3.0.co;2-m.","Swartz EN","Am J Med Genet","1999","1999/01/23","","","10.1002/(sici)1096-8628(19990101)82:1<49::aid-ajmg10>3.0.co;2-m"
"19372146","A case of Adams-Oliver syndrome following in vitro fertilization","Mitsiakos G, Giougi E, Tsakalidis C, Kourti M, Chatziionnidis H, Karagianni P, Kolibianakis EM, Nikolaidis N.","Hum Reprod. 2009 Jun;24(6):1529-30. doi: 10.1093/humrep/dep096. Epub 2009 Apr 16.","Mitsiakos G","Hum Reprod","2009","2009/04/18","","","10.1093/humrep/dep096"
"22768669","Stroke in a child with Adams-Oliver syndrome and mixed diabetic ketoacidosis and hyperglycemic hyperosmolar syndrome","Nwosu BU, Adhami S, Rogol AD.","J Pediatr Endocrinol Metab. 2012;25(3-4):357-61. doi: 10.1515/jpem-2011-0465.","Nwosu BU","J Pediatr Endocrinol Metab","2012","2012/07/10","","","10.1515/jpem-2011-0465"
"23274636","Dilemmas and challenges in the management of a neonate with Adams-Oliver syndrome with infected giant aplasia cutis lesion and exsanguination: a case-based update","Udayakumaran S, Mathew J, Panikar D.","Childs Nerv Syst. 2013 Apr;29(4):535-41. doi: 10.1007/s00381-012-1999-y. Epub 2012 Dec 29.","Udayakumaran S","Childs Nerv Syst","2013","2013/01/01","","","10.1007/s00381-012-1999-y"
"28446798","Novel missense mutation in DLL4 in a Japanese sporadic case of Adams-Oliver syndrome","Nagasaka M, Taniguchi-Ikeda M, Inagaki H, Ouchi Y, Kurokawa D, Yamana K, Harada R, Nozu K, Sakai Y, Mishra SK, Yamaguchi Y, Morioka I, Toda T, Kurahashi H, Iijima K.","J Hum Genet. 2017 Sep;62(9):851-855. doi: 10.1038/jhg.2017.48. Epub 2017 Apr 27.","Nagasaka M","J Hum Genet","2017","2017/04/28","","","10.1038/jhg.2017.48"
"29767458","Overlapping but distinct roles for NOTCH receptors in human cardiovascular disease","Meester JAN, Verstraeten A, Alaerts M, Schepers D, Van Laer L, Loeys BL.","Clin Genet. 2019 Jan;95(1):85-94. doi: 10.1111/cge.13382. Epub 2018 Jun 10.","Meester JAN","Clin Genet","2019","2018/05/17","","","10.1111/cge.13382"
"22883147","RBPJ mutations identified in two families affected by Adams-Oliver syndrome","Hassed SJ, Wiley GB, Wang S, Lee JY, Li S, Xu W, Zhao ZJ, Mulvihill JJ, Robertson J, Warner J, Gaffney PM.","Am J Hum Genet. 2012 Aug 10;91(2):391-5. doi: 10.1016/j.ajhg.2012.07.005.","Hassed SJ","Am J Hum Genet","2012","2012/08/14","PMC3415535","","10.1016/j.ajhg.2012.07.005"
"16532468","Association of Adams-Oliver syndrome and hepatoportal sclerosis: an additional case","Pouessel G, Dieux-Coeslier A, Wacrenier A, Fabre M, Gottrand F.","Am J Med Genet A. 2006 May 1;140(9):1028-9. doi: 10.1002/ajmg.a.31192.","Pouessel G","Am J Med Genet A","2006","2006/03/15","","","10.1002/ajmg.a.31192"
"33150036","From Skin to Kidneys: Cutaneous Clues of Renal Disease in Children","Diplomatico M, Marzuillo P, La Manna A, Apicella A, Guarino S, Piccolo V.","Dermatol Pract Concept. 2020 Oct 26;10(4):e2020095. doi: 10.5826/dpc.1004a95. eCollection 2020 Oct.","Diplomatico M","Dermatol Pract Concept","2020","2020/11/05","PMC7588148","","10.5826/dpc.1004a95"
"8160731","Adams Oliver syndrome: a family with extreme variability in clinical expression","Bamforth JS, Kaurah P, Byrne J, Ferreira P.","Am J Med Genet. 1994 Feb 15;49(4):393-6. doi: 10.1002/ajmg.1320490408.","Bamforth JS","Am J Med Genet","1994","1994/02/15","","","10.1002/ajmg.1320490408"
"30950023","[Analysis of DOCK6 gene mutation in a child affected with Adams-Oliver syndrome type 2]","Zhang K, Gao Z, Jin R, Lyu Y, Gao M, Gai Z, Liu Y.","Zhonghua Yi Xue Yi Chuan Xue Za Zhi. 2019 Apr 10;36(4):348-351. doi: 10.3760/cma.j.issn.1003-9406.2019.04.014.","Zhang K","Zhonghua Yi Xue Yi Chuan Xue Za Zhi","2019","2019/04/06","","","10.3760/cma.j.issn.1003-9406.2019.04.014"
"25791024","N-acetylglucosamine modification in the lumen of the endoplasmic reticulum","Ogawa M, Sawaguchi S, Furukawa K, Okajima T.","Biochim Biophys Acta. 2015 Jun;1850(6):1319-24. doi: 10.1016/j.bbagen.2015.03.003. Epub 2015 Mar 17.","Ogawa M","Biochim Biophys Acta","2015","2015/03/21","","","10.1016/j.bbagen.2015.03.003"
"8291551","Adams-Oliver syndrome: a case with juvenile chronic myelogenous leukemia and chylothorax","Farrell SA, Warda LJ, LaFlair P, Szymonowicz W.","Am J Med Genet. 1993 Dec 1;47(8):1175-9. doi: 10.1002/ajmg.1320470809.","Farrell SA","Am J Med Genet","1993","1993/12/01","","","10.1002/ajmg.1320470809"
"30214079","Congenital diseases caused by defective O-glycosylation of Notch receptors","Tashima Y, Okajima T.","Nagoya J Med Sci. 2018 Aug;80(3):299-307. doi: 10.18999/nagjms.80.3.299.","Tashima Y","Nagoya J Med Sci","2018","2018/09/15","PMC6125653","","10.18999/nagjms.80.3.299"
"32545758","Pleiotropic Role of Notch Signaling in Human Skin Diseases","Gratton R, Tricarico PM, Moltrasio C, Lima Estevão de Oliveira AS, Brandão L, Marzano AV, Zupin L, Crovella S.","Int J Mol Sci. 2020 Jun 13;21(12):4214. doi: 10.3390/ijms21124214.","Gratton R","Int J Mol Sci","2020","2020/06/18","PMC7353046","","10.3390/ijms21124214"
"23522784","Mutations in EOGT confirm the genetic heterogeneity of autosomal-recessive Adams-Oliver syndrome","Shaheen R, Aglan M, Keppler-Noreuil K, Faqeih E, Ansari S, Horton K, Ashour A, Zaki MS, Al-Zahrani F, Cueto-González AM, Abdel-Salam G, Temtamy S, Alkuraya FS.","Am J Hum Genet. 2013 Apr 4;92(4):598-604. doi: 10.1016/j.ajhg.2013.02.012. Epub 2013 Mar 21.","Shaheen R","Am J Hum Genet","2013","2013/03/26","PMC3617382","","10.1016/j.ajhg.2013.02.012"
"39844688","Outpatient management of large scalp aplasia cutis congenita without skull defect in a case of Adams-Oliver syndrome","Tsai YT, Yang YC.","Kaohsiung J Med Sci. 2025 Jan 23:e12935. doi: 10.1002/kjm2.12935. Online ahead of print.","Tsai YT","Kaohsiung J Med Sci","2025","2025/01/23","","","10.1002/kjm2.12935"
"30201155","Dermatoscopy of Common Lesions in Pediatric Dermatology","Micali G, Verzì AE, Quattrocchi E, Ng CY, Lacarrubba F.","Dermatol Clin. 2018 Oct;36(4):463-472. doi: 10.1016/j.det.2018.05.012. Epub 2018 Aug 16.","Micali G","Dermatol Clin","2018","2018/09/12","","","10.1016/j.det.2018.05.012"
"24921011","Extracellular O-linked β-N-acetylglucosamine: Its biology and relationship to human disease","Ogawa M, Furukawa K, Okajima T.","World J Biol Chem. 2014 May 26;5(2):224-30. doi: 10.4331/wjbc.v5.i2.224.","Ogawa M","World J Biol Chem","2014","2014/06/13","PMC4050115","","10.4331/wjbc.v5.i2.224"
"38778082","Expanding the phenotypic spectrum of NOTCH1 variants: clinical manifestations in families with congenital heart disease","Stanley KJ, Kalbfleisch KJ, Moran OM, Chaturvedi RR, Roifman M, Chen X, Manshaei R, Martin N, McDermott S, McNiven V, Myles-Reid D, Nield LE, Reuter MS, Schwartz MLB, Shannon P, Silver R, Somerville C, Teitelbaum R, Zahavich L, Bassett AS, Kim RH, Mital S, Chitayat D, Jobling RK.","Eur J Hum Genet. 2024 Jul;32(7):795-803. doi: 10.1038/s41431-024-01629-4. Epub 2024 May 22.","Stanley KJ","Eur J Hum Genet","2024","2024/05/22","PMC11219983","","10.1038/s41431-024-01629-4"
"10440823","Cerebral cortical dysplasia and digital constriction rings in Adams-Oliver syndrome","Savarirayan R, Thompson EM, Abbott KJ, Moore MH.","Am J Med Genet. 1999 Sep 3;86(1):15-9. doi: 10.1002/(sici)1096-8628(19990903)86:1<15::aid-ajmg4>3.0.co;2-i.","Savarirayan R","Am J Med Genet","1999","1999/08/10","","","10.1002/(sici)1096-8628(19990903)86:1<15::aid-ajmg4>3.0.co;2-i"
"20920732","Herniation of the brain after conservative treatment of a large congenital skull defect in an infant with Adams-Oliver syndrome","Tröbs RB, Barenberg K, Hemminghaus M, Günther M, Neid M.","J Pediatr Surg. 2010 Oct;45(10):2064-7. doi: 10.1016/j.jpedsurg.2010.06.029.","Tröbs RB","J Pediatr Surg","2010","2010/10/06","","","10.1016/j.jpedsurg.2010.06.029"
"37442634","Cutis marmorata telangiectatica congenita: Incidence of extracutaneous manifestations and a proposed clinical definition","Downey C, Metry D, Garzon MC, Morales LK, Baselga E.","Pediatr Dermatol. 2023 Sep-Oct;40(5):820-828. doi: 10.1111/pde.15377. Epub 2023 Jul 13.","Downey C","Pediatr Dermatol","2023","2023/07/13","","","10.1111/pde.15377"
"8830611","[Epilepsy and psychomotor retardation in a child with aplasia cutis and brachydactyly (Adams-Oliver syndrome)]","Verdú Pérez A, Pantoja Bajo A, Alonso García LA, Garde Morales T.","An Esp Pediatr. 1996 Mar;44(3):289-91.","Verdú Pérez A","An Esp Pediatr","1996","1996/03/01","","",""
"15295919","Cutis marmorata telangiectatica congenita","Garzon MC, Schweiger E.","Semin Cutan Med Surg. 2004 Jun;23(2):99-106. doi: 10.1016/j.sder.2004.01.003.","Garzon MC","Semin Cutan Med Surg","2004","2004/08/07","","","10.1016/j.sder.2004.01.003"
"18597236","Aplasia cutis congenita of the scalp, skull and dura associated with Adams-Oliver syndrome","Bilginer B, Onal MB, Bahadir S, Akalan N.","Turk Neurosurg. 2008 Apr;18(2):191-3.","Bilginer B","Turk Neurosurg","2008","2008/07/04","","",""
"26278182","Intracellular and extracellular O-linked N-acetylglucosamine in the nervous system","Ogawa M, Sawaguchi S, Kamemura K, Okajima T.","Exp Neurol. 2015 Dec;274(Pt B):166-74. doi: 10.1016/j.expneurol.2015.08.009. Epub 2015 Aug 14.","Ogawa M","Exp Neurol","2015","2015/08/18","","","10.1016/j.expneurol.2015.08.009"
"18792979","Antenatal and postnatal evidence of periventricular leukomalacia as a further indication of vascular disruption in Adams-Oliver syndrome","Papadopoulou E, Sifakis S, Raissaki M, Germanakis I, Kalmanti M.","Am J Med Genet A. 2008 Oct 1;146A(19):2545-50. doi: 10.1002/ajmg.a.32410.","Papadopoulou E","Am J Med Genet A","2008","2008/09/17","","","10.1002/ajmg.a.32410"
"2929669","Congenital scalp defects with distal limb anomalies (Adams-Oliver syndrome-McKusick 10030): further suggestion of autosomal recessive inheritance","Sybert VP.","Am J Med Genet. 1989 Feb;32(2):266-7. doi: 10.1002/ajmg.1320320230.","Sybert VP","Am J Med Genet","1989","1989/02/01","","","10.1002/ajmg.1320320230"
"18935987","Syndromes, disorders and maternal risk factors associated with neural tube defects (V)","Chen CP.","Taiwan J Obstet Gynecol. 2008 Sep;47(3):259-66. doi: 10.1016/S1028-4559(08)60122-9.","Chen CP","Taiwan J Obstet Gynecol","2008","2008/10/22","","","10.1016/S1028-4559(08)60122-9"
"23419759","Developmental anomalies of the skin","Bellet JS.","Semin Perinatol. 2013 Feb;37(1):20-5. doi: 10.1053/j.semperi.2012.11.006.","Bellet JS","Semin Perinatol","2013","2013/02/20","","","10.1053/j.semperi.2012.11.006"
"1536190","Possible common pathogenetic mechanisms for Poland sequence and Adams-Oliver syndrome: an additional clinical observation","Hoyme HE, Der Kaloustian VM, Hogg H, Entin MA, Guttmacher AE.","Am J Med Genet. 1992 Feb 1;42(3):398-9. doi: 10.1002/ajmg.1320420334.","Hoyme HE","Am J Med Genet","1992","1992/02/01","","","10.1002/ajmg.1320420334"
"17083897","Adams-Oliver syndrome and isolated aplasia cutis congenita in two siblings","Rajabian MH, Aghaei S.","Dermatol Online J. 2006 Oct 31;12(6):17.","Rajabian MH","Dermatol Online J","2006","2006/11/07","","",""
"33403934","Ex Vivo Models to Decipher the Molecular Mechanisms of Genetic Notch Cardiovascular Disorders","Ristori T, Sjöqvist M, Sahlgren CM.","Tissue Eng Part C Methods. 2021 Mar;27(3):167-176. doi: 10.1089/ten.TEC.2020.0327. Epub 2021 Feb 17.","Ristori T","Tissue Eng Part C Methods","2021","2021/01/06","PMC7984653","","10.1089/ten.TEC.2020.0327"
"10982487","Clinical evidence of vascular abnormalities at birth in Adams-Oliver syndrome: report of two further cases","Pereira-Da-Silva L, Leal F, Santos GC, Videira Amaral JM, Feijóo MJ.","Am J Med Genet. 2000 Sep 4;94(1):75-6. doi: 10.1002/1096-8628(20000904)94:1<75::aid-ajmg15>3.0.co;2-3.","Pereira-Da-Silva L","Am J Med Genet","2000","2000/09/12","","","10.1002/1096-8628(20000904)94:1<75::aid-ajmg15>3.0.co;2-3"
"19951037","Management of large scalp and skull defects in a severe case of Adams-Oliver syndrome","Khashab ME, Rhee ST, Pierce SD, Khashab YE, Nejat F, Fried A.","J Neurosurg Pediatr. 2009 Dec;4(6):523-7. doi: 10.3171/2009.7.PEDS09220.","Khashab ME","J Neurosurg Pediatr","2009","2009/12/03","","","10.3171/2009.7.PEDS09220"
"15326631","Abnormal pericyte recruitment as a cause for pulmonary hypertension in Adams-Oliver syndrome","Patel MS, Taylor GP, Bharya S, Al-Sanna'a N, Adatia I, Chitayat D, Suzanne Lewis ME, Human DG.","Am J Med Genet A. 2004 Sep 1;129A(3):294-9. doi: 10.1002/ajmg.a.30221.","Patel MS","Am J Med Genet A","2004","2004/08/25","","","10.1002/ajmg.a.30221"
"8849132","[The Adams-Oliver syndrome in Spain: the epidemiological aspects]","Martínez-Frías ML, Arroyo Carrera I, Muñoz-Delgado NJ, Nieto Conde C, Rodríguez-Pinilla E, Urioste Azcorra M, Omeñaca Teres F, García Alix A.","An Esp Pediatr. 1996 Jul;45(1):57-61.","Martínez-Frías ML","An Esp Pediatr","1996","1996/07/01","","",""
"18478598","Abnormal neuronal migration defect in the severe variant subtype of Adams-Oliver syndrome","Brancati F, Garaci FG, Mingarelli R, Dallapiccola B.","Am J Med Genet A. 2008 Jun 15;146A(12):1622-3. doi: 10.1002/ajmg.a.32357.","Brancati F","Am J Med Genet A","2008","2008/05/15","","","10.1002/ajmg.a.32357"
"1642283","Congenital heart defect in a Japanese girl with Adams-Oliver syndrome: one of the most important complications","Ishikiriyama S, Kaou B, Udagawa A, Niwa K.","Am J Med Genet. 1992 Jul 15;43(5):900-1. doi: 10.1002/ajmg.1320430533.","Ishikiriyama S","Am J Med Genet","1992","1992/07/15","","","10.1002/ajmg.1320430533"
"10946361","Polymicrogyria associated with scalp and limb defects: variant of Adams-Oliver syndrome","Amor DJ, Leventer RJ, Hayllar S, Bankier A.","Am J Med Genet. 2000 Aug 14;93(4):328-34. doi: 10.1002/1096-8628(20000814)93:4<328::aid-ajmg13>3.0.co;2-0.","Amor DJ","Am J Med Genet","2000","2000/08/18","","","10.1002/1096-8628(20000814)93:4<328::aid-ajmg13>3.0.co;2-0"
"35947102","Heterozygous NOTCH1 Variants Cause CNS Immune Activation and Microangiopathy","Helman G, Zarekiani P, Tromp SAM, Andrews A, Botto LD, Bonkowsky JL, Chassevent A, Giorgio E, Pippucci T, Wei S, Smith-Hicks C, Vaula G, Willemsen MAAP, Schimmel M, Vollert K, Shimizu F, Kanda T, Lynch M, Roscioli T, Taft RJ, Simons C, Bugiani M, Kuijpers TW, van der Knaap MS.","Ann Neurol. 2022 Nov;92(5):895-901. doi: 10.1002/ana.26477. Epub 2022 Aug 20.","Helman G","Ann Neurol","2022","2022/08/10","","","10.1002/ana.26477"
"20560985","Do children with Adams-Oliver syndrome require endocrine follow-up? New information on the phenotype and management","Kalina MA, Kalina-Faska B, Paprocka J, Jamroz E, Pyrkosz A, Marszał E, Małecka-Tendera E.","Clin Genet. 2010 Sep;78(3):227-35. doi: 10.1111/j.1399-0004.2010.01470.x. Epub 2010 May 22.","Kalina MA","Clin Genet","2010","2010/06/22","","","10.1111/j.1399-0004.2010.01470.x"
"2012136","Possible common pathogenetic mechanisms for Poland sequence and Adams-Oliver syndrome","Der Kaloustian VM, Hoyme HE, Hogg H, Entin MA, Guttmacher AE.","Am J Med Genet. 1991 Jan;38(1):69-73. doi: 10.1002/ajmg.1320380116.","Der Kaloustian VM","Am J Med Genet","1991","1991/01/01","","","10.1002/ajmg.1320380116"
"18924173","Autosomal dominant inheritance of aplasia cutis congenita and congenital heart defect: a possible link to the Adams-Oliver syndrome","Digilio MC, Marino B, Dallapiccola B.","Am J Med Genet A. 2008 Nov 1;146A(21):2842-4. doi: 10.1002/ajmg.a.32526.","Digilio MC","Am J Med Genet A","2008","2008/10/17","","","10.1002/ajmg.a.32526"
"29961505","Intracranial Calcifications in Young Children","Dugan SL, Botto LD, Hedlund GL, Bale JF Jr.","Semin Pediatr Neurol. 2018 Jul;26:135-139. doi: 10.1016/j.spen.2017.03.022. Epub 2017 Apr 2.","Dugan SL","Semin Pediatr Neurol","2018","2018/07/03","","","10.1016/j.spen.2017.03.022"
"21820096","Recessive mutations in DOCK6, encoding the guanidine nucleotide exchange factor DOCK6, lead to abnormal actin cytoskeleton organization and Adams-Oliver syndrome","Shaheen R, Faqeih E, Sunker A, Morsy H, Al-Sheddi T, Shamseldin HE, Adly N, Hashem M, Alkuraya FS.","Am J Hum Genet. 2011 Aug 12;89(2):328-33. doi: 10.1016/j.ajhg.2011.07.009. Epub 2011 Aug 4.","Shaheen R","Am J Hum Genet","2011","2011/08/09","PMC3155174","","10.1016/j.ajhg.2011.07.009"
"22670005","Two different management modalities in a two sibling case report of Adams Oliver syndrome","Al-Hadithy N, Mennie J, Stewart K.","BMJ Case Rep. 2011 Dec 21;2011:bcr1020114965. doi: 10.1136/bcr.10.2011.4965.","Al-Hadithy N","BMJ Case Rep","2011","2012/06/07","PMC3246166","","10.1136/bcr.10.2011.4965"
"33546374","Multiomics Integration in Skin Diseases with Alterations in Notch Signaling Pathway: PlatOMICs Phase 1 Deployment","Brandão LAC, Tricarico PM, Gratton R, Agrelli A, Zupin L, Abou-Saleh H, Moura R, Crovella S.","Int J Mol Sci. 2021 Feb 3;22(4):1523. doi: 10.3390/ijms22041523.","Brandão LAC","Int J Mol Sci","2021","2021/02/06","PMC7913517","","10.3390/ijms22041523"
"17711517","Aplasia cutis associated with coarctation of the aorta: could this be an incomplete form of Adams-Oliver syndrome?","Heras Mulero C, Bartralot Soler R, Rodríguez-Cano L, Mollet Sánchez J, Palacio Aller L, Aparicio Español G, Bodet Castillo D, Bassas Freixas P, García-Patos V.","Br J Dermatol. 2007 Oct;157(4):836-7. doi: 10.1111/j.1365-2133.2007.08131.x. Epub 2007 Aug 17.","Heras Mulero C","Br J Dermatol","2007","2007/08/23","","","10.1111/j.1365-2133.2007.08131.x"
"3354598","Scalp and limb defects with cutis marmorata telangiectatica congenita: Adams-Oliver syndrome?","Toriello HV, Graff RG, Florentine MF, Lacina S, Moore WD.","Am J Med Genet. 1988 Feb;29(2):269-76. doi: 10.1002/ajmg.1320290204.","Toriello HV","Am J Med Genet","1988","1988/02/01","","","10.1002/ajmg.1320290204"
"35181938","Trichorhinophalangeal syndrome type II associated with aplasia cutis congenita in a neonate","Tripodi GD, Dickerman DI, LeMosy EK, Davis LS.","Pediatr Dermatol. 2022 May;39(3):481-482. doi: 10.1111/pde.14934. Epub 2022 Feb 18.","Tripodi GD","Pediatr Dermatol","2022","2022/02/19","","","10.1111/pde.14934"
"1481809","Acrania: a manifestation of the Adams-Oliver syndrome","Chitayat D, Meunier C, Hodgkinson KA, Robb L, Azouz M.","Am J Med Genet. 1992 Nov 15;44(5):562-6. doi: 10.1002/ajmg.1320440506.","Chitayat D","Am J Med Genet","1992","1992/11/15","","","10.1002/ajmg.1320440506"
"33480066","The prognosis of common arterial trunk from a fetal perspective: A prenatal cohort study and systematic literature review","van Nisselrooij AEL, Herling L, Clur SA, Linskens IH, Pajkrt E, Rammeloo LA, Ten Harkel ADJ, Hazekamp MG, Blom NA, Haak MC.","Prenat Diagn. 2021 May;41(6):754-765. doi: 10.1002/pd.5907. Epub 2021 Feb 26.","van Nisselrooij AEL","Prenat Diagn","2021","2021/01/22","PMC8248090","","10.1002/pd.5907"
"9147884","Congenital scalp defect, distal limb reduction anomalies, right spastic hemiplegia and hypoplasia of the left arteria cerebri media. Further evidence that interruption of early embryonic blood supply may result in Adams-Oliver (plus) syndrome","Fryns JP, Legius E, Demaerel P, van den Berghe H.","Clin Genet. 1996 Dec;50(6):505-9. doi: 10.1111/j.1399-0004.1996.tb02723.x.","Fryns JP","Clin Genet","1996","1996/12/01","","","10.1111/j.1399-0004.1996.tb02723.x"
"8466256","Near fatal haemorrhage from the superior sagittal sinus in Adams-Oliver syndrome","Davis PM, Buss PW, Simpson BA, Sykes PJ.","Arch Dis Child. 1993 Mar;68(3):433. doi: 10.1136/adc.68.3.433-a.","Davis PM","Arch Dis Child","1993","1993/03/01","PMC1793862","","10.1136/adc.68.3.433-a"
"10546102","The concurrence of ring constrictions in Adams-Oliver syndrome: additional evidence for vascular disruption as common pathogenetic mechanism","Keymolen K, De Smet L, Bracke P, Fryns JP.","Genet Couns. 1999;10(3):295-300.","Keymolen K","Genet Couns","1999","1999/11/05","","",""
"31147303","Ocular Manifestations of Cutis Marmorata Telangiectatica Congenita","Dedania VS, Moinuddin O, Lagrou LM, Sathrasala S, Cord Medina FM, Del Monte MA, Chang EY, Bohnsack BL, Besirli CG.","Ophthalmol Retina. 2019 Sep;3(9):791-801. doi: 10.1016/j.oret.2019.03.025. Epub 2019 May 1.","Dedania VS","Ophthalmol Retina","2019","2019/06/01","","","10.1016/j.oret.2019.03.025"
"27503278","[Aplasia cutis congenita: Update and management]","Belkhou A, François C, Bennis Y, Duquennoy-Martinot V, Guerreschi P.","Ann Chir Plast Esthet. 2016 Oct;61(5):450-461. doi: 10.1016/j.anplas.2016.07.003. Epub 2016 Aug 5.","Belkhou A","Ann Chir Plast Esthet","2016","2016/08/10","","","10.1016/j.anplas.2016.07.003"
"2610749","Limb defects with cutis marmorata teleangiectatica congenita: Adams-Oliver syndrome","Küster W.","Acta Paediatr Scand. 1989 Jul;78(4):627-8. doi: 10.1111/j.1651-2227.1989.tb17948.x.","Küster W","Acta Paediatr Scand","1989","1989/07/01","","","10.1111/j.1651-2227.1989.tb17948.x"
"11050626","Transverse limb defects associated with aorto-pulmonary vascular abnormalities: vascular disruption sequence or atypical presentation of Adams-Oliver syndrome?","Al-Sanna'a N, Adatia I, Teebi AS.","Am J Med Genet. 2000 Oct 23;94(5):400-4. doi: 10.1002/1096-8628(20001023)94:5<400::aid-ajmg11>3.0.co;2-q.","Al-Sanna'a N","Am J Med Genet","2000","2000/10/26","","","10.1002/1096-8628(20001023)94:5<400::aid-ajmg11>3.0.co;2-q"
"8849019","Aplasia cutis congenita associated with limb, eye, and brain anomalies in sibs: a variant of the Adams-Oliver syndrome?","Orstavik KH, Strömme P, Spetalen S, Flage T, Westvik J, Vesterhus P, Skjeldal O.","Am J Med Genet. 1995 Oct 23;59(1):92-5. doi: 10.1002/ajmg.1320590118.","Orstavik KH","Am J Med Genet","1995","1995/10/23","","","10.1002/ajmg.1320590118"
"1390145","Multifocal aplasia cutis congenita, distal limb hemimelia, and cutis marmorata telangiectatica in a patient with Adams-Oliver syndrome","Bork K, Pfeifle J.","Br J Dermatol. 1992 Aug;127(2):160-3. doi: 10.1111/j.1365-2133.1992.tb08049.x.","Bork K","Br J Dermatol","1992","1992/08/01","","","10.1111/j.1365-2133.1992.tb08049.x"
"36197437","FOSL2 truncating variants in the last exon cause a neurodevelopmental disorder with scalp and enamel defects","Cospain A, Rivera-Barahona A, Dumontet E, Gener B, Bailleul-Forestier I, Meyts I, Jouret G, Isidor B, Brewer C, Wuyts W, Moens L, Delafontaine S, Keung Lam WW, Van Den Bogaert K, Boogaerts A, Scalais E, Besnard T, Cogne B, Guissard C, Rollier P, Carre W, Bouvet R, Tarte K, Gómez-Carmona R, Lapunzina P, Odent S, Faoucher M, Dubourg C, Ruiz-Pérez VL, Devriendt K, Pasquier L, Pérez-Jurado LA.","Genet Med. 2022 Dec;24(12):2475-2486. doi: 10.1016/j.gim.2022.09.002. Epub 2022 Oct 4.","Cospain A","Genet Med","2022","2022/10/05","","","10.1016/j.gim.2022.09.002"
"20727808","[The Adams-Oliver syndrome. A case report]","Yéo S, Perrot P, Bellier-Waast F, David A, Duteille F.","Chir Main. 2010 Sep;29(4):274-6. doi: 10.1016/j.main.2010.06.003. Epub 2010 Jul 23.","Yéo S","Chir Main","2010","2010/08/24","","","10.1016/j.main.2010.06.003"
"11321985","[Lesions of the central nervous system in Adams-Oliver's syndrome]","Gomes LB, Castro J, Matos M, Nunes A, Furtado J, Barrueco MC.","Acta Med Port. 2001 Jan-Feb;14(1):89-94.","Gomes LB","Acta Med Port","2001","2001/04/27","","",""
"2216522","[Transverse extremity defects in a case of Adams-Oliver syndrome]","Fehlow P, Walther F.","Padiatr Grenzgeb. 1990;29(4):279-84.","Fehlow P","Padiatr Grenzgeb","1990","1990/01/01","","",""
"26016611","Aplasia cutis congenita: report of 22 cases","Mesrati H, Amouri M, Chaaben H, Masmoudi A, Boudaya S, Turki H.","Int J Dermatol. 2015 Dec;54(12):1370-5. doi: 10.1111/ijd.12707. Epub 2015 May 27.","Mesrati H","Int J Dermatol","2015","2015/05/29","","","10.1111/ijd.12707"
"11763858","[Central nervous system lesions in Adams-Oliver syndrome]","da Silva LP, Leal F, Santos GC, Amaral JM, Feijóo MJ.","Acta Med Port. 2001 Jul-Aug;14(4):455-6.","da Silva LP","Acta Med Port","2001","2002/01/05","","",""
"33283961","Aplasia cutis congenita in a CDC42-related developmental phenotype","Schnabel F, Kamphausen SB, Funke R, Kaulfuß S, Wollnik B, Zenker M.","Am J Med Genet A. 2021 Mar;185(3):850-855. doi: 10.1002/ajmg.a.62009. Epub 2020 Dec 7.","Schnabel F","Am J Med Genet A","2021","2020/12/07","","","10.1002/ajmg.a.62009"
"36866832","NOTCH1 loss of the TAD and PEST domain: An antimorph?","Boerkoel P, Huynh S, Yang GX, Boerkoel CF, Patel MS, Lehman A, Terry J, Elbert A.","Am J Med Genet A. 2023 Jun;191(6):1593-1598. doi: 10.1002/ajmg.a.63167. Epub 2023 Mar 3.","Boerkoel P","Am J Med Genet A","2023","2023/03/03","","","10.1002/ajmg.a.63167"
"36176297","Synergistic effects of rare variants of ARHGAP31 and FBLN1 in vitro in terminal transverse limb defects","Tian H, Chu F, Li Y, Xu M, Li W, Li C.","Front Genet. 2022 Sep 13;13:946854. doi: 10.3389/fgene.2022.946854. eCollection 2022.","Tian H","Front Genet","2022","2022/09/30","PMC9513373","","10.3389/fgene.2022.946854"
"10440839","Further family with possible autosomal recessive inheritance of Adams-Oliver syndrome","Tekin M, Bodurtha J, Ciftçi E, Arsan S.","Am J Med Genet. 1999 Sep 3;86(1):90-1. doi: 10.1002/(sici)1096-8628(19990903)86:1<90::aid-ajmg20>3.0.co;2-9.","Tekin M","Am J Med Genet","1999","1999/08/10","","","10.1002/(sici)1096-8628(19990903)86:1<90::aid-ajmg20>3.0.co;2-9"
"4041576","Terminal transverse defects with aplasia cutis congenita (Adams-Oliver syndrome)","Shapiro SD, Escobedo MK.","Birth Defects Orig Artic Ser. 1985;21(2):135-42.","Shapiro SD","Birth Defects Orig Artic Ser","1985","1985/01/01","","",""
"24552406","Aplasia cutis congenita: approach to evaluation and management","Browning JC.","Dermatol Ther. 2013 Nov-Dec;26(6):439-44. doi: 10.1111/dth.12106.","Browning JC","Dermatol Ther","2013","2014/02/21","","","10.1111/dth.12106"
"19610107","The spectra of clinical phenotypes in aplasia cutis congenita and terminal transverse limb defects","Snape KM, Ruddy D, Zenker M, Wuyts W, Whiteford M, Johnson D, Lam W, Trembath RC.","Am J Med Genet A. 2009 Aug;149A(8):1860-81. doi: 10.1002/ajmg.a.32708.","Snape KM","Am J Med Genet A","2009","2009/07/18","","","10.1002/ajmg.a.32708"
"33117485","Aplasia cutis congenita: a report of two cases from National Hospital Abuja, Nigeria and review of the literature","Mukhtar-Yola M, Mshelia L, Mairami AB, Otuneye AT, Yawe ET, Igoche P, Audu LI.","Pan Afr Med J. 2020 Aug 17;36:291. doi: 10.11604/pamj.2020.36.291.24523. eCollection 2020.","Mukhtar-Yola M","Pan Afr Med J","2020","2020/10/29","PMC7572678","","10.11604/pamj.2020.36.291.24523"
"26749485","Novel copy number variants and major limb reduction malformation: Report of three cases","Shamseldin HE, Anazi S, Wakil SM, Faqeih E, El Khashab HY, Salih MA, Al-Qattan MM, Hashem M, Alsedairy H, Alkuraya FS.","Am J Med Genet A. 2016 May;170A(5):1245-50. doi: 10.1002/ajmg.a.37550. Epub 2016 Jan 8.","Shamseldin HE","Am J Med Genet A","2016","2016/01/11","","","10.1002/ajmg.a.37550"
"27693507","Cell-Intrinsic Adaptation Arising from Chronic Ablation of a Key Rho GTPase Regulator","Cerikan B, Shaheen R, Colo GP, Gläßer C, Hata S, Knobeloch KP, Alkuraya FS, Fässler R, Schiebel E.","Dev Cell. 2016 Oct 10;39(1):28-43. doi: 10.1016/j.devcel.2016.08.020. Epub 2016 Sep 29.","Cerikan B","Dev Cell","2016","2016/10/04","","","10.1016/j.devcel.2016.08.020"
"29392406","Importance of complete phenotyping in prenatal whole exome sequencing","Aarabi M, Sniezek O, Jiang H, Saller DN, Bellissimo D, Yatsenko SA, Rajkovic A.","Hum Genet. 2018 Feb;137(2):175-181. doi: 10.1007/s00439-017-1860-1. Epub 2018 Feb 1.","Aarabi M","Hum Genet","2018","2018/02/03","","","10.1007/s00439-017-1860-1"
"3354597","Congenital scalp skull defects with distal limb anomalies (Adams-Oliver syndrome--McKusick 10030): further suggestion of autosomal recessive inheritance","Koiffmann CP, Wajntal A, Huyke BJ, Castro RM.","Am J Med Genet. 1988 Feb;29(2):263-8. doi: 10.1002/ajmg.1320290203.","Koiffmann CP","Am J Med Genet","1988","1988/02/01","","","10.1002/ajmg.1320290203"
"28835688","The scaffold protein Ajuba suppresses CdGAP activity in epithelia to maintain stable cell-cell contacts","McCormack JJ, Bruche S, Ouadda ABD, Ishii H, Lu H, Garcia-Cattaneo A, Chávez-Olórtegui C, Lamarche-Vane N, Braga VMM.","Sci Rep. 2017 Aug 23;7(1):9249. doi: 10.1038/s41598-017-09024-4.","McCormack JJ","Sci Rep","2017","2017/08/25","PMC5569031","","10.1038/s41598-017-09024-4"
"29545927","CdGAP/ARHGAP31 is regulated by RSK phosphorylation and binding to 14-3-3β adaptor protein","Ben Djoudi Ouadda A, He Y, Calabrese V, Ishii H, Chidiac R, Gratton JP, Roux PP, Lamarche-Vane N.","Oncotarget. 2018 Jan 10;9(14):11646-11664. doi: 10.18632/oncotarget.24126. eCollection 2018 Feb 20.","Ben Djoudi Ouadda A","Oncotarget","2018","2018/03/17","PMC5837747","","10.18632/oncotarget.24126"
"16532134","Moyamoya syndrome as a risk factor for stroke in Saudi children. Novel and usual associations","Salih MA, Murshid WR, Al-Salman MM, Abdel-Gader AG, Al-Jarallah AA, Alorainy IA, Hassan HH, Kentab AY, Van Maldergem L, Othman SA, El-Desouki MI, Elgamal EA.","Saudi Med J. 2006 Mar;27 Suppl 1:S69-80.","Salih MA","Saudi Med J","2006","2006/03/15","","",""
"26394720","Network-Informed Gene Ranking Tackles Genetic Heterogeneity in Exome-Sequencing Studies of Monogenic Disease","Dand N, Schulz R, Weale ME, Southgate L, Oakey RJ, Simpson MA, Schlitt T.","Hum Mutat. 2015 Dec;36(12):1135-44. doi: 10.1002/humu.22906. Epub 2015 Oct 7.","Dand N","Hum Mutat","2015","2015/09/24","PMC4982032","","10.1002/humu.22906"
"12126077","Our experience with aplasia cutis congenita","Caksen H, Kurtoglu S.","J Dermatol. 2002 Jun;29(6):376-9. doi: 10.1111/j.1346-8138.2002.tb00285.x.","Caksen H","J Dermatol","2002","2002/07/20","","","10.1111/j.1346-8138.2002.tb00285.x"
"3245645","[Aplasia cutis congenita and brachydactyly: Adams-Oliver syndrome]","Sánchez Luna M, García García MJ, Sala Juanes MI, Pastor Abascal I, Omeñaca Teres F.","An Esp Pediatr. 1988 Dec;29(6):477-8.","Sánchez Luna M","An Esp Pediatr","1988","1988/12/01","","",""
"21565291","Gain-of-function mutations of ARHGAP31, a Cdc42/Rac1 GTPase regulator, cause syndromic cutis aplasia and limb anomalies","Southgate L, Machado RD, Snape KM, Primeau M, Dafou D, Ruddy DM, Branney PA, Fisher M, Lee GJ, Simpson MA, He Y, Bradshaw TY, Blaumeiser B, Winship WS, Reardon W, Maher ER, FitzPatrick DR, Wuyts W, Zenker M, Lamarche-Vane N, Trembath RC.","Am J Hum Genet. 2011 May 13;88(5):574-85. doi: 10.1016/j.ajhg.2011.04.013.","Southgate L","Am J Hum Genet","2011","2011/05/14","PMC3146732","","10.1016/j.ajhg.2011.04.013"
"31813956","Functional genomics and gene-environment interaction highlight the complexity of congenital heart disease caused by Notch pathway variants","Chapman G, Moreau JLM, I P E, Szot JO, Iyer KR, Shi H, Yam MX, O'Reilly VC, Enriquez A, Greasby JA, Alankarage D, Martin EMMA, Hanna BC, Edwards M, Monger S, Blue GM, Winlaw DS, Ritchie HE, Grieve SM, Giannoulatou E, Sparrow DB, Dunwoodie SL.","Hum Mol Genet. 2020 Mar 13;29(4):566-579. doi: 10.1093/hmg/ddz270.","Chapman G","Hum Mol Genet","2020","2019/12/10","PMC7068028","","10.1093/hmg/ddz270"
"32317338","Multiple Aplasia Cutis Congenita Lesions of the Scalp: A Case Study","Whalen M.","Neonatal Netw. 2020 Mar 1;39(2):83-91. doi: 10.1891/0730-0832.39.2.83.","Whalen M","Neonatal Netw","2020","2020/04/23","","","10.1891/0730-0832.39.2.83"
"33655927","Two AOS genes attributed to familial exudative vitreoretinopathy with microcephaly: Two case reports","Tao Z, Bu S, Lu F.","Medicine (Baltimore). 2021 Mar 5;100(9):e24633. doi: 10.1097/MD.0000000000024633.","Tao Z","Medicine (Baltimore)","2021","2021/03/03","PMC7939203","","10.1097/MD.0000000000024633"
"28572145","Visual Diagnosis: A Baby with a Scalp Lesion, Rash, and Left-Foot Deformity","Lara DA, Loar RW, Allen HD.","Pediatr Rev. 2017 Jun;38(6):e20-e23. doi: 10.1542/pir.2016-0078.","Lara DA","Pediatr Rev","2017","2017/06/03","","","10.1542/pir.2016-0078"
"21774070","Genetic cause of rare disease may be involved in more common birth defects","","Am J Med Genet A. 2011 Aug;155A(8):ix-x. doi: 10.1002/ajmg.a.34211.","","Am J Med Genet A","2011","2011/07/21","","","10.1002/ajmg.a.34211"
"33835001","Born in the Purple: An Exceptional Case of Cutis Marmorata Telangiectatica Congenita","Kyriakou G, Gialeli E, Vryzaki E, Georgiou S.","Acta Dermatovenerol Croat. 2020 Dec;28(4):247-248.","Kyriakou G","Acta Dermatovenerol Croat","2020","2021/04/09","","",""
"33588313","""Health status of children with chronic liver disease during the SARS-CoV-2 outbreak: results from a multicentre study""","Di Giorgio A, Nicastro E, Arnaboldi S, Montini O, Di Stasio F, D'Antiga L, Gaio P, Fovino LN, Cananzi M, Pinon M, Calvo PL, Camelli V.","Clin Res Hepatol Gastroenterol. 2021 Mar;45(2):101610. doi: 10.1016/j.clinre.2020.101610. Epub 2021 Jan 1.","Di Giorgio A","Clin Res Hepatol Gastroenterol","2021","2021/02/15","PMC7775795","","10.1016/j.clinre.2020.101610"
"18460228","Efficiency of transcatheter closure of atrial septal defects in small and symptomatic children","Fraisse A, Losay J, Bourlon F, Agnoletti G, Lusson JR, Godart F, De Geeter B, Petit J, Piechaud JF.","Cardiol Young. 2008 Jun;18(3):343-7. doi: 10.1017/S1047951108002291. Epub 2008 May 6.","Fraisse A","Cardiol Young","2008","2008/05/08","","","10.1017/S1047951108002291"
"13144995","Congenital scalp defect","WEINBERG A, GITTELSON S.","N Y State J Med. 1954 Mar 15;54(6):809.","WEINBERG A","N Y State J Med","1954","1954/03/15","","",""
"22826717","Multiple aplasia cutis congenita lesions located along Blaschko's lines in a patient with tetralogy of Fallot-A","Rokunohe D, Akasaka E, Rokunohe A, Kaneko T, Matsuzaki Y, Takiyoshi N, Aizu T, Nakano H, Sawamura D.","J Dermatol Case Rep. 2012 Jun 30;6(2):40-2. doi: 10.3315/jdcr.2012.1096.","Rokunohe D","J Dermatol Case Rep","2012","2012/07/25","PMC3399674","","10.3315/jdcr.2012.1096"
"20358608","Periventricular nodular heterotopia and distal limb deficiency: a recurrent association","de Wit MC, de Coo IF, Schot R, Hoogeboom AJ, Lequin MH, Verkerk AJ, Mancini GM.","Am J Med Genet A. 2010 Apr;152A(4):954-9. doi: 10.1002/ajmg.a.33258.","de Wit MC","Am J Med Genet A","2010","2010/04/02","","","10.1002/ajmg.a.33258"
"23920006","Portal for Families Overcoming Neurodevelopmental Disorders (PFOND): Implementation of a Software Framework for Facilitated Community Website Creation by Nontechnical Volunteers","Ye XC, Ng I, Seid-Karbasi P, Imam T, Lee CE, Chen SY, Herman A, Sharma B, Johal G, Gu B, Wasserman WW.","JMIR Res Protoc. 2013 Aug 6;2(2):e25. doi: 10.2196/resprot.2675.","Ye XC","JMIR Res Protoc","2013","2013/08/08","PMC3742411","","10.2196/resprot.2675"
"14700494","Cutis marmorata telangiectatica congenita","Dar NR, Ghafoor T, Awan ZI.","J Coll Physicians Surg Pak. 2003 Nov;13(11):653-5.","Dar NR","J Coll Physicians Surg Pak","2003","2004/01/01","","",""
"17159513","Aplasia cutis congenita, terminal limb defects and falciform retinal folds: confirmation of a distinct syndrome of vascular disruption","Prothero J, Nicholl R, Wilson J, Wakeling EL.","Clin Dysmorphol. 2007 Jan;16(1):39-41. doi: 10.1097/MCD.0b013e328010b81c.","Prothero J","Clin Dysmorphol","2007","2006/12/13","","","10.1097/MCD.0b013e328010b81c"
"31111652","Familial aggregation of ""apple peel"" intestinal atresia and cardiac left-sided obstructive lesions: A possible causal relationship with NOTCH1 gene mutations","Digilio MC, Magliozzi M, Di Pede A, Valfrè L, Dentici ML, Auriti C, Marino B, Novelli A, Dallapiccola B.","Am J Med Genet A. 2019 Aug;179(8):1570-1574. doi: 10.1002/ajmg.a.61195. Epub 2019 May 20.","Digilio MC","Am J Med Genet A","2019","2019/05/22","","","10.1002/ajmg.a.61195"
"14332364","CONGENITAL SCALP DEFECTS IN TWIN SISTERS","HODGMAN JE, MATHIES AW Jr, LEVAN NE.","Am J Dis Child. 1965 Sep;110:293-5. doi: 10.1001/archpedi.1965.02090030307013.","HODGMAN JE","Am J Dis Child","1965","1965/09/01","","","10.1001/archpedi.1965.02090030307013"
"12140410","Complete osseous regeneration of a large skull defect in a patient with cutis aplasia: a conservative approach","Rhee ST, Colville C, Buchman SR, Muraszko K.","J Craniofac Surg. 2002 Jul;13(4):497-500. doi: 10.1097/00001665-200207000-00003.","Rhee ST","J Craniofac Surg","2002","2002/07/26","","","10.1097/00001665-200207000-00003"
"14332365","CONGENITAL SCALP DEFECTS IN FATHER AND SON","JOHNSONBAUGH RE, LIGHT IJ, SUTHERLAND JM.","Am J Dis Child. 1965 Sep;110:297-8. doi: 10.1001/archpedi.1965.02090030311014.","JOHNSONBAUGH RE","Am J Dis Child","1965","1965/09/01","","","10.1001/archpedi.1965.02090030311014"
"20540307","[Management of congenital scalp defects in infants]","Shen WM, Cui J, Chen JB, Wang G, Zou JJ, Ji Y, Chen HN.","Zhonghua Zheng Xing Wai Ke Za Zhi. 2010 Mar;26(2):85-8.","Shen WM","Zhonghua Zheng Xing Wai Ke Za Zhi","2010","2010/06/15","","",""
"20959950","[Cutis verticis gyrata with a combined blue and congenital dermal nevus]","Mühlhoff C, Megahed M.","Hautarzt. 2010 Nov;61(11):929-32. doi: 10.1007/s00105-010-2062-0.","Mühlhoff C","Hautarzt","2010","2010/10/21","","","10.1007/s00105-010-2062-0"
"21614989","Autosomal dominant aplasia cutis in three generations and one case with preaxial polydactyly in the last generation","Yağci-Küpeli B, Çağlar K, Büyük S, Balci S.","Genet Couns. 2011;22(1):55-61.","Yağci-Küpeli B","Genet Couns","2011","2011/05/28","","",""
"11826876","Intestinal mucosa on top of a rudimentary occipital meningocele in amniotic rupture sequence: disorganization-like syndrome, homeotic transformation, abnormal surface encounter or endoectodermal adhesion?","ten Donkelaar HJ, Hamel BC, Hartman E, van Lier JA, Wesseling P.","Clin Dysmorphol. 2002 Jan;11(1):9-13. doi: 10.1097/00019605-200201000-00002.","ten Donkelaar HJ","Clin Dysmorphol","2002","2002/02/06","","","10.1097/00019605-200201000-00002"
"1799416","Genetic counseling of a couple presenting respectively terminal transverse defects and congenital arthrogryposis","De Paepe A, De Bie S.","Genet Couns. 1991;2(4):195-203.","De Paepe A","Genet Couns","1991","1991/01/01","","",""
"12382371","[Aplasia cutis congenita in 4 infants]","Beekmans SJ, Haumann TJ, Vandertop WP, Mulder JW.","Ned Tijdschr Geneeskd. 2002 Sep 28;146(39):1842-5.","Beekmans SJ","Ned Tijdschr Geneeskd","2002","2002/10/18","","",""
